battery_power,blue,clock_speed,dual_sim,fc,four_g,int_memory,m_dep,mobile_wt,n_cores,pc,px_height,px_width,ram,sc_h,sc_w,talk_time,three_g,touch_screen,wifi,price_range
1626,1,0.9,0,6,1,56,0.9,193,8,15,984,1121,1956,8,15,15,1,0,0,2
1959,0,0.9,1,16,1,52,0.4,154,1,2,409,545,710,10,4,15,0,1,1,0
1360,1,2.1,0,6,0,18,0.9,128,1,10,1426,1223,1173,18,10,11,1,1,0,1
1794,1,2.4,1,3,0,37,0.8,81,7,9,1693,1039,2883,11,3,8,1,1,0,3
1630,1,1.8,0,7,0,4,0.9,146,2,15,483,586,269,8,12,13,1,0,0,0
1595,1,2.6,1,12,0,2,0.3,90,2,7,1327,1302,2401,12,7,20,1,0,0,2
1544,0,3.0,1,3,1,51,0.6,129,4,8,623,1908,534,17,6,10,1,0,1,0
621,1,2.6,1,5,1,28,0.3,114,5,14,655,764,2219,18,10,4,1,0,1,1
966,1,2.2,0,4,0,54,0.8,94,7,20,767,1545,745,14,10,5,1,1,1,1
1738,1,1.8,0,11,0,48,0.1,186,3,2,17,1202,1240,12,16,14,1,1,1,0
830,0,1.6,0,3,1,41,0.6,154,5,3,183,1973,1216,5,13,11,0,0,1,0
1982,1,0.7,0,8,1,34,0.4,110,3,12,404,731,2038,12,1,15,0,1,1,2
587,0,1.5,1,3,1,21,0.4,171,1,11,798,685,2927,14,7,7,0,0,1,1
1896,0,2.8,0,18,1,15,0.7,141,6,20,1920,825,2510,18,1,9,0,0,1,3
1623,1,2.5,1,13,1,37,0.9,107,6,8,1154,1706,2143,16,14,20,1,0,1,2
1371,1,1.0,1,4,0,6,0.6,175,7,13,478,896,2125,7,4,11,1,0,1,1
630,0,1.7,0,17,0,24,0.9,104,2,18,1816,1926,3560,9,5,6,0,1,1,3
1832,1,2.5,0,9,1,46,0.3,163,2,6,1780,1986,1852,18,16,6,0,1,0,3
1269,0,0.7,0,18,1,61,0.6,171,8,15,7,1940,2900,14,7,6,1,0,0,3
843,0,1.5,1,11,0,57,0.5,104,1,19,704,1725,2998,12,4,10,0,0,0,3
1937,1,2.6,0,17,1,16,0.1,154,1,4,1341,1588,1518,15,13,10,1,1,0,1
1305,1,1.5,1,16,0,7,0.6,162,3,9,1414,1455,505,10,9,16,0,1,0,0
885,0,0.7,0,10,0,34,0.7,171,1,17,1542,1054,1862,8,12,10,1,0,1,1
1715,0,1.9,1,2,0,56,0.6,80,8,10,1159,1232,995,8,4,15,1,1,1,1
1455,0,2.7,0,16,0,20,0.8,138,7,6,530,1540,3924,16,6,7,0,1,0,3
776,0,2.0,0,0,1,64,0.6,148,3,13,912,1296,561,8,9,9,0,1,1,0
1684,1,1.1,1,14,1,14,0.2,153,5,19,1674,1706,3790,10,10,3,1,0,0,3
959,1,1.5,0,8,0,30,0.2,121,2,17,1390,890,2062,11,2,6,0,1,1,1
1837,1,1.6,0,14,1,62,0.6,189,2,10,1512,543,2192,17,12,18,0,1,1,2
521,1,1.9,0,2,1,7,0.3,113,6,11,688,1400,2081,9,1,11,1,1,0,0
752,1,2.4,0,18,1,16,0.2,179,6,17,1034,981,3563,14,3,15,0,1,0,2
1247,0,0.7,0,12,1,17,0.5,145,8,1,552,1786,3618,18,2,19,0,1,0,2
1356,1,2.7,0,11,0,25,0.6,97,7,0,445,1697,3366,12,14,2,1,0,1,2
974,1,0.5,0,19,1,24,0.4,156,2,9,1137,1964,3301,11,3,3,1,1,0,3
1582,1,1.4,1,0,0,49,0.7,194,8,20,1715,1065,3021,12,3,5,1,1,1,3
1010,1,0.6,1,16,0,11,0.7,84,7,0,705,719,438,8,14,14,0,1,1,0
1999,1,1.5,0,12,1,55,0.4,99,5,5,195,1917,2948,12,5,17,1,1,1,3
1199,0,1.8,0,0,0,42,0.8,145,5,6,859,1271,285,17,4,6,0,0,1,0
1475,0,1.8,0,9,1,42,0.7,154,4,16,1760,1718,1667,10,11,11,0,0,0,2
689,0,0.9,1,14,1,50,0.7,141,3,8,1866,908,1022,7,6,18,0,0,0,0
1457,1,2.1,1,6,0,18,0.6,173,6,6,1346,970,3470,17,2,12,0,1,0,3
1186,0,0.6,0,17,1,50,0.1,175,3,16,1959,1870,870,12,6,6,1,1,0,1
1457,0,2.4,1,15,0,57,0.7,111,6,2,1796,1985,3746,17,11,16,0,0,1,3
1062,1,2.9,0,13,0,45,0.4,137,4,15,1535,1584,1260,11,14,5,0,0,0,1
1767,1,1.3,0,17,1,46,0.9,129,2,4,627,665,2377,14,5,8,0,0,0,2
1331,1,1.8,0,6,1,31,0.8,117,8,19,980,1171,3382,9,7,11,1,0,0,3
1654,0,1.4,0,16,1,45,0.6,134,7,17,1685,1674,3265,15,5,5,1,0,0,3
1146,0,0.5,1,17,0,47,0.3,107,3,0,629,610,3899,8,2,6,1,0,1,2
520,1,1.5,1,11,1,11,0.3,153,6,3,1188,1048,279,5,4,6,0,1,1,0
1340,1,2.5,0,7,0,56,0.4,165,3,10,1275,1526,3349,14,8,12,0,1,1,3
666,0,2.0,1,1,0,20,0.5,198,2,19,1802,1536,2731,7,15,20,1,0,1,2
1797,0,0.8,1,6,1,30,0.4,160,7,8,43,1685,1311,6,15,6,1,1,0,1
887,1,2.6,0,3,1,3,0.6,101,1,7,1493,843,3166,12,8,9,0,1,1,2
1100,1,1.8,1,17,1,37,0.2,122,6,7,488,1972,2642,18,17,8,1,0,0,2
815,0,2.6,0,5,0,20,1.0,162,8,4,180,831,2226,12,12,9,0,0,0,0
513,1,2.0,0,8,1,8,0.2,160,1,11,1100,763,2260,16,10,14,1,1,0,0
741,0,1.9,0,8,0,27,0.9,167,4,0,373,582,1794,9,9,6,0,1,0,0
1276,0,0.8,0,13,1,16,0.9,115,7,14,627,1276,2815,18,9,19,0,1,1,2
1869,0,0.9,1,7,1,48,0.6,175,5,17,956,1423,3397,9,5,10,0,0,1,3
1064,0,2.9,0,18,0,57,0.8,199,3,5,66,833,927,15,15,3,1,1,0,0
1397,1,1.1,1,2,0,39,0.5,189,6,9,1548,1903,3415,8,11,17,1,0,1,3
1863,1,2.9,0,17,1,4,0.7,131,8,13,1115,1742,3180,5,3,15,0,0,1,3
591,0,1.8,0,4,1,39,0.4,115,3,20,1781,1157,826,5,4,18,1,1,0,0
1890,0,0.8,1,13,1,64,0.4,107,4,7,778,953,1019,17,1,7,0,0,0,1
1455,0,0.7,0,3,1,17,0.6,157,4,2,650,1172,1498,10,0,4,1,0,1,0
1978,0,1.0,1,6,1,3,0.5,137,3,18,1876,1240,968,8,3,18,1,0,0,1
1951,0,2.8,1,19,0,32,0.6,115,6,11,1267,1612,2892,8,11,14,0,1,1,3
1008,1,1.5,0,11,0,29,0.4,149,8,11,340,832,1022,7,1,7,1,1,0,0
1275,1,1.5,0,1,0,8,0.4,88,7,14,902,809,2038,18,11,9,1,1,0,1
534,1,1.3,0,10,0,31,0.2,100,2,6,1808,1226,1549,13,15,7,0,0,0,0
705,1,0.9,0,13,1,44,0.1,143,7,3,1327,1943,3122,7,1,17,0,1,0,2
1604,0,1.7,0,15,0,59,0.3,155,2,20,397,853,1930,12,16,7,0,0,1,2
1911,0,0.8,0,19,0,63,0.2,140,8,8,702,1323,2381,6,1,18,0,1,1,3
1525,0,2.6,1,5,0,8,0.2,173,5,15,1471,1623,3919,8,3,4,1,0,1,3
1521,0,1.4,1,3,1,37,0.8,174,7,12,96,644,2313,5,5,13,1,1,1,1
1913,0,1.4,0,14,0,30,0.1,119,8,3,1354,1533,1747,15,6,7,0,1,0,2
1065,1,1.7,1,0,1,25,0.7,135,3,8,1228,1567,1615,9,14,8,1,0,0,1
1629,0,1.6,1,6,0,53,0.3,83,3,20,448,1909,891,6,11,12,0,0,1,1
1202,1,3.0,0,11,1,40,0.9,110,6,17,1441,1409,1465,15,4,10,0,1,1,1
901,1,1.9,0,9,0,5,0.5,106,3,14,1672,1260,3873,17,13,17,0,1,1,3
1229,1,0.7,1,4,1,30,0.4,137,6,14,76,994,3448,5,15,6,1,0,1,2
661,1,2.0,0,11,0,45,0.6,104,8,5,895,1692,2895,5,10,16,1,1,1,2
701,0,0.9,1,17,1,6,0.4,148,3,10,548,1141,3021,6,11,5,1,0,0,1
1495,1,0.6,0,9,1,56,0.6,149,4,7,797,1030,2868,9,16,6,0,0,1,2
769,1,2.9,1,5,0,30,0.2,84,1,20,1448,1859,1947,16,6,8,0,0,1,2
1315,1,2.4,1,11,1,63,1.0,194,8,16,1452,1012,1553,13,8,4,1,0,0,2
1794,0,3.0,1,6,1,31,0.5,170,3,16,1508,629,2713,10,13,5,1,0,0,3
955,0,1.7,1,17,0,30,0.4,87,1,17,814,1507,613,16,11,16,1,0,1,0
1985,0,1.8,0,1,0,27,0.7,88,2,3,1021,1773,1926,8,14,3,1,0,1,2
1775,1,0.9,0,9,1,20,0.4,94,5,14,134,1233,2401,7,11,6,0,0,1,2
1516,1,1.1,1,14,0,27,0.8,179,7,1,653,1446,1262,12,12,8,1,0,0,0
795,0,2.6,1,11,0,38,0.5,184,7,1,1277,1661,496,7,8,18,1,0,1,0
1219,1,1.4,0,16,0,28,0.7,86,8,9,1583,1798,2860,5,6,9,0,0,1,3
837,0,2.6,0,3,1,31,0.2,175,2,2,1278,1501,3014,8,0,10,1,0,0,2
1378,0,2.3,1,6,1,52,0.9,151,3,7,645,963,2082,15,9,11,1,0,0,1
1576,1,0.9,1,8,1,54,0.8,190,7,19,1825,640,3441,17,5,12,1,0,0,3
1291,1,1.8,1,18,1,31,0.3,194,6,6,719,1779,3814,9,14,2,0,0,0,3
716,1,2.2,1,6,1,4,0.2,94,2,11,1522,1381,1520,9,14,16,0,0,1,0
1263,1,1.1,1,1,1,60,0.4,116,4,18,612,955,411,9,8,9,1,1,0,0
687,0,2.6,0,5,1,59,1.0,162,1,14,483,933,607,12,12,20,0,1,0,0
879,0,1.9,1,17,0,44,0.3,118,6,13,1069,672,299,12,0,13,1,0,0,0
992,0,0.9,0,5,1,8,0.5,85,7,15,1466,972,2895,16,8,7,1,1,1,2
1564,0,2.0,0,12,1,62,0.1,162,6,13,1605,1946,3639,17,2,11,0,1,0,3
1680,0,3.0,0,18,0,50,0.5,136,3,2,647,1519,393,8,8,6,1,1,1,0
514,1,0.9,1,1,0,58,0.6,171,4,17,791,1416,3990,13,14,8,0,0,0,3
564,0,2.5,0,11,0,10,1.0,160,1,5,578,938,2223,5,6,8,0,0,1,0
1020,0,1.0,0,14,1,54,0.6,185,4,16,1027,1515,2739,9,3,10,0,0,1,3
1867,0,2.5,0,13,0,42,0.8,98,2,13,1759,1580,1009,9,16,16,1,1,1,2
1652,1,2.3,0,5,1,43,0.6,142,3,13,0,997,398,9,3,7,1,1,0,0
1147,1,1.3,1,17,1,14,0.1,110,6,19,1313,668,3327,12,4,17,1,0,1,3
1995,1,1.3,1,4,1,16,0.4,154,6,12,108,1488,2102,13,15,8,1,1,0,2
1586,1,2.5,0,17,0,55,0.6,158,2,2,1800,1060,3626,7,2,16,0,1,0,3
1662,0,1.7,0,2,0,64,1.0,89,6,12,1598,927,3889,13,10,3,1,0,1,3
1092,0,2.3,1,2,1,6,0.9,186,5,1,459,918,2565,17,14,9,1,1,0,0
891,1,0.9,1,9,1,30,0.3,166,3,8,265,1870,2815,15,13,13,0,1,1,2
918,1,2.6,1,18,1,36,0.3,146,2,12,1161,954,2976,12,15,12,0,0,0,2
788,0,2.3,0,2,0,28,0.3,141,3,7,1457,1213,317,7,5,7,1,1,1,0
878,0,2.8,1,11,1,28,0.9,82,1,15,43,701,1846,6,4,14,0,0,0,0
730,1,0.8,0,15,0,9,0.9,97,3,2,885,678,1702,8,16,17,1,0,1,0
1517,1,2.0,0,16,1,33,0.8,104,3,12,1533,556,1675,17,15,9,1,0,0,1
540,1,2.0,1,6,0,21,0.5,186,1,3,943,1445,2275,16,1,18,0,0,0,0
1551,1,1.4,0,12,1,11,0.6,99,2,17,982,1000,2334,6,10,14,0,0,1,2
634,0,1.6,1,1,0,14,0.5,137,3,1,261,1238,3657,8,3,5,1,0,0,1
700,0,0.6,0,3,0,64,0.3,172,4,19,727,611,3252,9,5,11,1,0,0,2
1279,0,2.4,1,9,0,30,0.6,165,3,20,632,1671,3105,6,6,17,1,1,1,3
1429,1,1.9,0,6,0,36,0.1,129,2,14,151,1214,1448,16,16,18,1,0,1,1
1556,1,0.6,0,16,0,62,0.2,158,8,16,212,1901,2569,12,7,9,1,1,1,3
1571,0,2.2,1,19,0,55,0.9,182,6,9,1015,1376,2611,5,0,12,0,1,1,3
1002,0,1.7,1,5,1,9,0.8,89,7,0,1257,1871,2762,7,14,6,1,0,1,1
906,0,0.6,1,18,1,30,0.5,100,1,5,862,1881,3512,11,11,17,0,1,0,2
1304,0,2.9,1,4,1,32,0.6,198,6,2,622,1579,589,14,14,9,0,0,1,0
598,1,2.9,0,9,1,42,0.4,195,2,18,360,1312,2818,5,14,17,0,0,0,2
1183,0,1.8,1,8,0,31,0.8,108,5,6,319,1839,2744,17,8,5,1,0,0,2
1225,0,0.7,1,12,1,23,0.8,175,7,12,221,1463,2976,15,15,7,1,0,0,2
1460,0,2.4,0,18,0,22,0.8,89,6,12,1761,1708,2694,6,1,9,0,0,0,3
1112,0,1.7,1,5,0,13,0.8,92,3,16,209,1577,2051,7,14,10,0,0,0,1
1985,0,1.3,1,3,0,12,0.3,126,7,0,1419,536,3238,18,14,14,0,1,1,2
1142,0,1.7,0,2,1,3,0.4,102,3,13,930,1512,2863,18,6,18,0,1,1,2
1528,0,1.8,1,2,0,51,0.5,129,1,2,1606,1793,509,6,12,10,0,1,1,1
1741,1,1.9,1,3,1,42,0.4,166,3,13,488,1362,3913,6,16,14,1,1,1,3
1002,1,1.6,1,4,1,3,0.8,174,7,0,1895,1231,3662,16,10,10,0,1,1,2
1266,1,2.0,1,7,1,35,0.4,83,4,15,600,1751,1679,15,9,7,1,0,1,1
897,1,2.8,1,15,1,4,0.2,195,4,9,773,1951,3493,10,0,11,0,1,0,2
1370,0,1.4,1,2,1,17,0.5,192,8,12,877,1309,3587,11,13,6,0,0,1,3
1294,1,2.3,0,11,0,52,1.0,146,6,3,1487,1524,1283,10,4,8,1,0,1,1
892,1,2.7,1,7,0,5,0.3,164,2,8,699,522,2167,15,7,12,1,0,1,0
706,0,1.6,0,12,1,24,0.7,132,8,13,1647,1971,2422,10,0,10,0,0,1,2
1538,0,1.6,0,3,0,58,0.5,81,1,3,451,1295,1251,13,6,11,1,0,1,1
1391,1,2.0,0,13,1,51,0.2,147,5,9,412,995,725,12,1,12,1,0,0,0
1984,1,2.0,0,13,0,21,0.5,144,8,7,1957,1399,1749,18,6,4,0,0,0,2
1363,0,2.5,1,12,0,26,0.7,158,6,2,1774,924,3088,12,6,9,0,1,0,2
1242,1,1.7,1,5,0,31,0.6,136,2,6,475,1199,3820,10,8,18,0,0,1,3
1764,0,3.0,1,16,0,19,0.9,176,1,9,255,517,2143,9,3,8,1,0,1,1
1063,0,0.6,0,3,0,43,0.4,149,7,2,1173,1968,1779,13,6,13,0,1,1,1
1520,0,0.5,1,7,0,12,0.2,86,1,1,126,1126,1349,16,17,17,0,1,0,0
595,0,2.1,1,16,0,30,0.9,98,7,14,391,1562,949,6,12,16,1,0,0,0
984,1,1.2,1,2,0,18,0.4,123,6,8,1854,1733,3168,11,10,14,0,1,1,3
1930,0,1.1,0,16,0,27,0.6,142,2,14,479,710,3079,10,8,19,1,0,1,3
730,0,1.3,0,8,0,57,0.8,144,8,16,992,1064,1649,11,13,19,1,0,0,1
1248,1,1.1,1,1,0,58,0.4,118,2,6,1420,1471,2300,16,7,6,0,0,0,2
1694,0,0.6,0,12,0,24,0.7,162,3,19,922,1804,436,8,13,15,1,0,0,1
1040,1,2.9,0,19,0,57,0.2,188,5,17,401,632,3332,13,16,12,1,1,1,3
1559,1,1.1,1,1,1,53,0.4,105,4,14,273,948,1476,11,13,4,0,1,0,1
1024,1,2.3,0,19,0,49,0.2,123,3,17,844,763,302,6,4,18,1,1,1,0
1683,0,2.4,0,10,0,21,0.8,91,1,11,1933,610,3879,17,9,13,0,0,1,3
1766,1,2.8,1,14,0,46,0.3,101,5,20,138,1349,889,8,5,4,0,0,1,1
1609,1,0.6,0,10,0,3,0.7,156,5,7,102,1761,3974,9,9,3,0,1,0,3
1077,0,2.7,0,2,0,25,0.9,171,2,1,1265,1980,1419,6,10,5,0,1,0,0
1181,1,1.8,0,2,0,32,0.6,93,5,1,1140,1400,1944,14,5,19,0,0,0,1
1056,1,2.1,0,11,1,28,0.6,165,6,4,1237,1258,1819,12,9,15,1,1,0,1
1512,1,2.1,0,4,1,3,0.5,109,5,0,483,1360,1706,5,13,9,1,1,1,0
1145,1,2.5,0,19,1,58,0.4,123,1,3,528,1396,844,7,2,3,1,0,1,0
1295,1,1.3,0,6,0,15,0.5,163,6,5,1714,1361,3888,18,6,20,0,1,1,3
1551,0,2.3,0,6,0,5,0.6,187,6,12,223,1696,2133,5,1,11,0,0,1,1
1863,1,1.8,1,12,0,50,1.0,170,3,18,1293,692,2613,9,6,6,0,1,0,3
1854,1,2.5,1,8,1,14,0.9,117,5,10,1848,1014,2577,12,16,12,0,1,1,2
1871,0,3.0,1,12,0,37,0.9,138,2,12,1884,1289,1818,11,12,10,1,0,0,2
1996,0,1.0,1,11,0,36,0.9,121,7,7,1157,1467,1095,13,8,17,1,0,1,1
1754,0,3.0,0,12,1,45,0.5,131,3,6,113,1932,1669,6,12,6,0,0,0,1
689,1,0.7,1,9,1,55,0.7,142,2,12,1464,583,2762,16,14,16,0,0,1,2
1748,0,0.5,1,0,0,56,0.9,140,5,0,643,1297,988,12,12,15,0,0,1,0
1908,1,0.6,0,7,0,9,0.5,199,3,5,650,579,3961,12,16,10,1,0,0,3
1900,1,1.4,0,15,0,3,1.0,184,5,6,1388,1732,2664,18,7,6,1,1,1,2
1806,0,2.1,0,12,0,7,0.5,113,1,15,1255,1021,1273,10,8,16,0,1,0,1
1132,0,0.7,0,2,1,32,0.6,118,3,14,457,1722,3396,7,8,10,0,0,1,3
1127,1,0.5,0,2,0,55,0.7,120,2,19,374,733,3910,6,7,5,1,0,0,3
1472,0,2.8,1,4,0,11,1.0,187,1,1,1627,743,2965,18,15,5,1,0,0,2
1782,1,2.6,0,10,1,45,0.3,116,4,15,1802,1916,3002,12,6,8,0,1,0,3
1882,0,2.5,1,6,0,22,0.8,144,2,16,610,1969,1710,10,16,16,0,1,0,2
1209,0,2.7,1,9,0,43,0.6,197,7,14,206,1348,3188,8,6,18,0,1,1,2
1979,0,2.3,0,9,1,11,0.3,158,8,2,1543,892,1013,9,5,19,1,1,0,0
1934,1,0.8,1,19,1,24,0.8,111,5,3,1491,508,3359,9,4,8,0,0,0,3
1148,0,1.5,1,1,0,4,0.6,87,2,11,1905,1112,2258,17,16,20,1,1,0,1
817,1,2.3,0,2,1,33,0.7,176,4,4,1466,1306,876,13,7,11,0,1,0,0
1748,1,1.2,1,7,1,21,0.4,97,2,16,916,1214,2144,17,0,14,0,1,1,2
1757,1,2.2,1,10,0,11,0.5,124,1,5,320,1676,3840,17,15,3,0,0,0,3
1183,1,0.6,1,12,1,30,0.7,172,6,9,92,609,437,13,16,12,1,1,1,0
1163,0,1.3,0,6,0,42,0.5,175,8,17,1431,1333,2989,12,2,6,0,0,1,3
1897,1,1.9,0,12,0,53,0.3,112,2,9,1181,765,2984,12,12,7,1,1,0,3
1995,1,2.1,0,1,0,52,1.0,84,3,5,871,1896,2551,16,7,4,0,1,0,3
1756,0,1.9,1,5,0,47,0.6,161,7,5,98,1675,2923,6,15,2,1,1,0,2
1636,1,2.2,0,8,1,35,0.8,191,4,19,224,1475,1576,18,6,4,0,0,0,1
941,0,0.5,1,19,0,38,0.5,153,2,14,851,1454,2055,7,14,4,1,1,1,1
1063,1,0.8,0,1,0,21,0.4,115,4,3,440,1938,2333,18,1,5,0,1,1,1
1791,0,2.7,1,17,0,62,0.5,176,6,15,719,1406,1581,12,1,8,1,0,0,2
1909,1,2.2,0,15,0,62,0.5,102,1,7,584,1849,1755,17,9,16,1,1,0,2
1910,0,0.8,0,11,1,9,0.6,119,3,6,1424,1171,3176,9,4,12,0,1,1,3
1636,1,2.6,1,6,1,8,0.6,84,5,18,1594,675,1203,11,3,19,1,1,1,1
1451,1,1.1,0,6,1,7,0.5,113,2,16,1822,1024,1631,18,14,13,1,1,0,1
1604,0,1.7,1,16,0,12,0.2,103,1,20,63,1838,1240,12,12,5,0,1,0,1
1198,0,0.9,0,12,1,45,0.5,96,8,12,767,1590,3809,10,16,12,1,0,0,3
612,0,2.3,0,10,1,19,0.3,174,4,14,559,1451,2620,9,0,7,0,1,0,1
501,0,2.2,1,5,0,52,0.2,150,6,1,1302,1707,3040,12,17,20,0,1,0,2
1141,1,1.0,1,13,1,43,0.9,160,7,9,1733,1558,1676,5,14,19,1,0,0,2
719,1,2.7,1,5,0,58,0.6,171,4,12,669,1004,3416,5,13,16,1,0,1,2
1354,0,1.5,0,5,1,30,0.7,181,7,17,1846,1348,3561,5,8,4,1,1,1,3
1748,1,1.2,1,1,1,26,0.5,101,6,10,1542,1462,2471,7,11,18,1,1,1,3
884,0,0.9,0,19,1,64,0.9,94,7,12,1271,1599,3046,14,4,2,1,1,1,3
1926,0,1.2,1,14,1,22,0.7,180,6,18,367,971,381,17,1,3,0,0,0,0
1653,1,0.6,1,16,0,47,0.8,94,1,4,743,1022,2876,16,6,20,0,1,0,2
1576,1,2.0,1,7,0,4,0.4,193,2,2,617,1379,375,10,8,10,1,0,1,0
1229,1,2.6,1,4,1,19,1.0,193,5,18,1005,1806,1707,10,17,9,1,0,0,1
1939,1,1.9,1,16,0,25,0.8,104,2,12,1121,773,1264,9,3,13,1,0,0,1
746,1,1.0,1,19,1,48,0.9,132,8,4,1291,553,1469,17,1,16,1,1,0,0
1335,1,0.6,0,0,1,39,0.3,100,8,11,1083,1578,3960,17,0,8,1,1,1,3
1962,1,1.0,1,17,1,11,0.3,198,3,13,499,1387,1707,18,11,17,0,1,1,1
702,0,1.5,0,14,1,28,0.4,181,2,5,1331,1244,2863,11,12,8,0,0,1,1
1707,0,2.4,1,4,1,13,0.3,145,6,8,1516,776,3529,9,13,13,0,1,1,3
622,0,1.0,1,6,1,8,0.9,170,6,16,1006,1966,3386,18,4,18,1,1,1,2
900,0,2.3,1,17,0,18,0.1,192,3,7,410,1382,952,6,2,12,1,0,1,0
1266,0,2.7,0,5,0,2,0.2,111,4,12,1017,1941,2526,8,3,5,1,0,1,2
793,1,1.6,0,4,1,59,0.3,100,6,4,1163,1131,1771,5,16,20,0,0,0,1
779,0,2.6,1,18,0,51,0.3,147,3,16,1932,1748,1290,11,10,3,0,0,1,1
1383,0,1.9,0,9,1,27,0.3,123,6,2,1351,1069,3096,8,7,3,0,0,0,2
697,0,2.1,1,14,0,16,0.8,162,5,5,463,1778,1791,17,11,18,0,1,0,0
1481,0,1.8,1,9,0,52,0.6,145,6,13,701,675,1069,8,17,10,1,0,1,1
1251,0,1.7,0,15,0,61,0.1,169,1,14,1660,1065,565,17,17,2,1,1,0,1
643,0,1.1,0,11,1,34,0.5,177,3,13,1948,1669,1267,8,8,11,1,0,0,1
1108,0,1.3,0,17,0,63,0.5,93,7,10,162,1270,3052,7,4,16,1,1,1,2
1724,1,1.2,0,0,1,38,0.2,94,8,10,59,1908,1313,12,16,16,1,1,0,1
1647,1,1.9,1,15,1,48,0.7,99,2,8,1948,761,1274,8,12,3,1,0,1,1
686,0,0.8,0,5,1,32,0.7,113,3,5,1054,1030,3667,12,5,15,0,0,0,2
1849,1,2.8,0,2,0,36,0.7,115,4,14,332,1894,3974,13,13,5,1,1,0,3
963,1,2.3,1,1,0,2,0.8,162,6,11,75,1390,2784,5,14,19,1,0,0,1
1872,1,1.5,0,1,0,9,0.1,88,3,5,1778,1720,2877,8,13,10,1,0,0,3
1159,1,0.9,0,12,1,13,1.0,150,5,0,316,1447,1080,10,3,3,1,0,1,0
1263,0,2.7,0,8,1,60,0.8,109,3,15,1793,1084,2300,12,17,3,1,0,1,3
1454,1,2.6,0,15,0,55,0.9,156,5,19,1440,1314,1372,18,0,19,1,0,1,2
902,1,2.3,1,4,1,58,0.1,170,8,14,189,1807,883,10,11,18,1,0,0,0
1869,1,1.2,1,6,0,20,0.9,142,8,1,1512,801,1412,16,8,10,1,0,0,1
646,0,1.5,0,12,0,26,0.8,187,6,16,1912,1655,3147,10,9,9,0,0,0,3
1671,0,0.8,0,19,0,58,0.9,114,2,2,1338,1643,1244,14,17,3,0,1,0,1
1363,0,1.0,1,12,0,33,0.2,92,6,2,295,1659,2722,8,16,3,0,1,1,2
988,0,2.5,0,6,1,64,0.8,158,4,4,500,1127,1747,13,3,6,1,0,0,1
1428,0,2.3,0,9,0,13,1.0,125,1,16,176,1072,2084,11,15,13,0,0,1,1
1050,0,2.0,0,14,0,64,0.7,135,2,16,799,1028,3771,18,6,17,1,1,0,3
837,0,2.7,0,5,0,14,0.6,88,2,19,805,533,2333,15,8,15,0,0,0,1
1371,1,2.0,0,4,0,29,1.0,188,8,5,859,1031,2248,10,7,3,0,0,1,1
1140,1,1.7,0,1,0,2,0.5,166,1,0,1742,1731,2601,5,6,9,1,0,1,1
972,1,1.4,0,14,0,52,0.6,197,3,6,214,1822,1340,6,9,5,1,0,1,0
650,0,2.9,0,15,0,7,0.5,115,6,14,1879,1617,2761,16,7,10,1,1,1,2
1938,0,0.7,0,18,1,9,0.9,196,3,6,652,1937,2607,10,16,20,1,0,0,2
1821,0,2.8,1,8,1,5,0.2,183,3,18,596,870,3261,15,11,3,0,1,1,3
762,0,2.6,1,18,1,6,0.6,82,6,19,1717,908,595,5,13,17,0,0,1,0
643,0,0.8,1,6,1,26,0.7,177,4,10,1355,1906,2751,15,11,12,1,1,0,2
845,1,1.9,0,3,0,23,0.8,98,2,13,127,1964,2115,9,1,9,0,1,0,1
1123,1,2.7,0,2,1,29,0.6,107,5,12,1292,1970,1581,5,11,13,0,1,0,1
1516,0,1.9,1,19,1,40,0.9,102,1,19,550,1116,3184,17,13,4,0,0,0,3
1380,0,2.8,0,10,1,24,0.9,183,2,8,1558,570,2843,7,6,14,1,0,1,2
501,0,2.9,1,0,0,5,0.2,192,3,8,1777,583,2788,16,12,3,1,0,1,1
1396,0,1.6,0,5,1,53,0.5,188,1,15,1389,708,332,16,3,14,1,1,0,0
1827,1,1.4,1,10,1,5,0.1,86,5,11,618,758,1912,16,0,9,0,0,1,1
753,0,2.8,1,0,0,63,0.4,184,2,9,347,1762,2818,11,16,16,1,0,1,2
952,0,2.2,1,6,1,48,0.6,155,2,5,141,1825,1828,9,2,10,1,1,0,1
1560,0,0.8,0,5,0,60,0.9,93,4,17,1168,1755,3247,16,16,12,0,0,1,3
1683,0,0.6,1,13,1,22,0.9,125,2,1,791,1431,2962,14,7,4,1,1,1,2
1514,1,1.9,0,1,0,38,0.2,94,2,19,244,781,347,5,2,8,1,0,0,0
508,0,2.8,0,3,1,57,0.2,146,5,8,1465,893,2130,5,9,15,1,1,1,1
1756,0,2.6,0,10,1,42,0.6,94,5,18,702,917,721,12,1,16,0,1,1,1
1622,1,2.2,0,14,1,3,0.6,130,1,5,1313,1729,2769,15,3,10,1,1,0,2
1315,1,0.8,0,17,0,60,0.3,167,3,1,1714,1787,3926,18,13,12,0,1,1,3
707,1,1.1,0,0,1,8,0.9,195,5,14,1135,1834,3367,17,10,8,0,1,0,2
1654,0,2.7,0,2,0,50,0.9,189,1,16,213,1358,2993,13,13,13,0,1,0,3
903,0,1.0,1,2,0,17,0.5,87,2,15,1673,1125,1608,11,12,20,0,1,0,1
651,1,1.2,1,6,0,18,0.9,148,8,20,1909,1602,1564,17,3,19,0,0,0,1
553,1,0.8,1,0,0,21,0.4,141,1,7,199,1865,1202,7,1,14,0,1,0,0
1643,1,2.2,0,10,1,59,0.8,130,8,9,404,1061,809,16,1,12,1,0,0,0
1127,1,2.9,0,5,1,24,0.5,142,1,9,420,1331,3393,10,10,2,1,0,1,2
1086,1,1.2,0,19,1,35,0.2,147,1,17,6,1618,3963,7,4,7,0,0,0,3
1943,1,1.7,0,2,0,12,0.9,157,8,9,1881,1440,3984,14,8,3,0,1,1,3
1945,0,2.1,1,18,1,35,0.5,95,6,8,1548,1874,2296,8,16,14,1,0,0,3
603,0,3.0,0,1,0,34,0.8,163,1,18,591,561,3959,16,11,14,1,1,0,2
753,0,0.8,1,17,0,27,0.4,103,8,0,285,1665,2412,8,17,20,1,0,0,0
1750,1,1.7,0,11,0,3,0.1,85,5,3,670,1233,3742,7,2,10,0,1,1,3
1635,1,1.5,1,9,1,62,0.2,198,7,2,388,1634,347,14,4,20,0,1,1,0
1009,1,2.7,0,4,1,64,0.5,136,7,9,415,1281,1258,10,13,2,1,0,0,0
1996,1,1.7,1,8,0,24,0.7,110,7,11,783,1680,623,9,15,9,0,1,1,1
598,1,0.8,0,1,1,42,0.4,85,7,17,1006,1038,1075,15,8,15,0,0,0,0
652,1,2.1,1,1,1,23,0.7,178,6,19,1736,1096,678,13,16,17,0,1,0,0
1413,0,2.4,0,5,0,59,0.7,158,3,5,1173,508,827,13,6,5,0,1,1,0
1377,0,0.5,1,9,0,35,0.7,108,8,20,1014,775,3165,7,9,19,1,0,0,3
837,1,2.6,1,17,1,61,0.5,146,1,1,427,726,1519,17,3,15,0,1,0,0
1321,0,1.0,0,11,0,16,0.9,154,4,9,1831,685,690,13,9,10,0,0,1,0
1686,1,1.9,1,3,0,11,0.5,82,7,1,1004,1090,2515,17,2,16,0,0,0,1
1456,0,1.5,0,16,1,16,0.5,107,2,8,1316,1739,1679,16,8,4,0,0,0,1
660,1,2.3,0,14,1,43,0.3,153,7,9,333,932,1889,7,12,5,1,1,1,0
1300,1,1.4,0,5,0,30,0.4,193,7,1,271,1068,2829,8,0,19,0,0,1,1
897,0,2.7,1,15,1,58,0.1,176,2,7,1066,1155,2009,5,14,15,0,0,0,1
1800,0,2.3,1,16,0,24,0.7,127,6,16,1491,855,723,9,14,16,1,0,0,1
1315,1,2.1,0,2,0,60,0.3,159,2,16,318,1342,1449,16,10,9,0,0,1,1
1915,1,2.5,0,9,1,18,0.4,89,2,3,1515,891,2098,13,9,11,0,1,1,2
1658,0,2.4,1,4,0,61,0.8,112,6,17,526,1078,1047,6,6,13,0,1,0,1
1718,0,0.6,1,13,0,10,0.4,179,2,11,759,1798,3178,8,0,10,0,0,1,3
900,1,1.5,1,12,0,51,0.3,146,1,16,1195,1974,2513,14,6,9,1,0,1,3
1139,0,2.8,0,5,1,37,0.3,148,7,8,1753,919,2559,6,4,18,1,0,1,2
1556,1,0.8,0,11,1,10,0.8,91,3,18,1672,663,1962,18,15,10,1,0,0,2
1187,1,2.3,0,7,1,17,0.2,136,6,13,320,1278,328,12,7,14,0,0,0,0
959,1,2.9,0,4,0,37,0.5,123,4,13,738,1137,402,13,1,15,0,0,0,0
1454,1,0.6,0,14,0,49,0.6,92,6,16,1067,1706,3667,7,7,6,1,1,0,3
969,0,2.2,1,15,1,52,0.7,103,5,1,1555,1833,572,17,13,10,1,0,0,0
1898,0,1.7,0,0,1,34,0.7,123,4,7,1654,516,3945,13,3,17,0,0,1,3
1545,0,1.9,1,15,1,56,0.8,136,5,4,453,945,861,10,14,20,0,0,1,0
1249,0,0.7,1,4,0,32,0.1,175,8,6,745,669,830,10,6,8,0,0,1,0
537,0,0.6,0,2,1,7,0.4,95,8,15,1903,1803,1433,11,7,13,0,0,0,1
729,0,2.2,1,19,0,11,0.4,175,6,15,1914,839,3582,16,10,3,0,0,0,3
1888,0,2.6,0,14,1,17,0.2,188,5,16,928,1225,3678,9,1,19,0,1,1,3
1062,1,2.5,1,12,0,5,0.4,180,4,6,847,1534,2850,10,8,19,0,1,1,1
937,0,1.9,0,15,0,55,0.4,199,1,19,867,632,3138,15,5,17,0,0,1,3
1806,0,0.7,0,10,1,23,0.6,179,6,7,773,1400,567,5,0,12,0,1,1,0
526,1,2.2,1,1,0,14,0.7,100,6,7,82,1139,3111,7,2,3,0,0,0,1
725,0,1.1,0,5,1,17,0.4,190,2,10,542,1671,1020,16,9,15,1,1,0,0
1800,0,2.8,1,5,0,53,0.7,155,6,14,321,1322,3996,13,4,5,0,0,1,3
1297,1,2.6,0,13,0,63,0.4,130,7,17,785,1453,2437,16,11,8,0,0,0,3
783,0,2.3,0,10,1,30,0.4,100,8,5,1257,578,3251,9,0,3,0,0,0,2
1378,0,2.9,0,7,0,7,0.6,139,7,11,539,845,3456,9,8,15,1,1,0,2
1459,0,0.6,1,7,1,27,0.1,130,6,14,251,1108,691,12,12,8,0,1,0,0
952,1,2.3,1,0,1,12,0.2,100,8,5,835,1772,3607,15,6,10,1,0,1,2
1519,0,1.3,0,6,1,25,0.5,186,8,17,1788,1138,613,15,15,9,0,0,1,1
1315,0,2.8,1,5,0,30,0.9,196,1,19,448,1547,3233,17,7,10,1,1,0,3
1158,1,1.2,0,7,0,4,0.7,85,2,8,1262,1994,3186,6,6,8,1,0,1,2
1046,0,2.3,1,18,0,53,0.2,152,3,7,489,1724,2555,17,3,20,0,0,0,2
1715,1,2.7,1,19,1,11,0.9,144,5,13,1905,630,390,11,9,18,1,0,1,0
1572,1,0.6,0,7,1,62,0.8,155,4,18,463,855,778,13,0,14,1,1,1,1
516,0,1.5,0,13,0,61,0.6,137,3,18,313,1443,1059,11,16,12,0,1,1,0
1695,1,2.4,0,17,0,63,0.8,157,2,7,1198,649,2963,16,12,19,0,0,1,3
1743,1,1.6,0,15,1,64,0.5,85,7,1,1729,1827,2622,9,12,18,0,0,1,3
657,0,1.2,0,8,0,2,0.3,144,7,3,1203,549,335,17,8,17,0,1,1,0
976,1,1.0,1,14,1,53,0.6,165,7,5,1955,963,3518,10,4,11,0,0,1,3
1569,1,0.8,1,9,0,44,0.6,113,1,2,384,1763,1732,8,0,5,0,0,0,1
1896,0,2.6,0,15,1,27,0.6,135,8,2,294,954,3671,18,1,5,1,0,1,3
1017,0,1.9,0,3,0,59,0.6,154,7,18,1238,1806,3357,16,10,12,1,0,0,3
598,0,0.7,0,19,0,13,1.0,82,4,10,985,834,2717,11,3,9,0,1,1,1
1560,1,1.5,1,12,1,15,0.9,121,5,9,1738,1875,2296,5,8,10,0,0,1,2
779,0,1.4,0,4,1,26,0.9,141,6,11,761,1167,623,8,4,17,0,0,1,0
1872,1,1.0,0,6,1,9,0.8,85,6,13,1897,826,1262,7,4,11,0,0,0,1
996,1,1.6,1,8,0,44,0.9,85,3,17,768,1515,1248,17,7,10,1,1,0,1
801,1,1.3,1,7,1,5,0.2,142,5,8,1098,835,851,8,1,4,1,1,0,0
680,1,1.4,1,15,1,29,0.3,99,2,14,343,1165,3829,5,6,3,0,1,0,2
1106,1,2.3,1,5,0,8,0.5,100,5,2,1737,1494,3989,16,16,10,1,0,0,3
1622,1,1.1,0,15,1,11,0.9,81,1,10,141,580,2152,17,10,14,1,0,1,1
1199,1,2.1,1,5,1,52,0.6,169,3,9,717,586,3321,6,14,7,0,0,0,2
1492,0,1.9,1,13,1,58,0.8,174,3,17,1222,757,3004,16,2,5,0,1,0,3
1639,0,1.9,0,0,0,59,0.2,169,1,3,1942,1490,1300,15,12,15,1,1,0,2
690,1,2.2,0,8,0,37,0.3,135,5,12,1194,684,2852,17,17,12,0,0,1,2
752,1,1.9,0,12,0,3,0.8,175,7,5,405,1197,2549,13,2,3,0,0,1,0
1480,0,2.7,1,18,1,27,0.2,89,1,20,1851,622,2586,11,1,4,0,1,1,3
1427,1,2.2,0,16,0,54,0.4,166,7,12,227,1619,2917,17,4,6,1,0,0,3
1684,0,1.9,1,10,1,51,0.3,149,4,19,410,1104,3234,10,4,8,1,0,1,3
1779,0,2.6,1,7,1,15,0.4,102,1,4,951,1014,3109,6,12,12,1,0,0,2
1846,0,2.0,1,4,1,59,0.7,171,7,19,897,1403,2535,5,7,13,1,1,1,3
627,1,1.2,0,9,0,17,0.4,192,5,13,1958,1966,2619,6,15,12,0,0,1,2
517,1,1.0,1,6,0,55,0.6,109,7,12,690,1894,3141,11,17,20,0,1,1,2
1065,0,0.9,0,9,1,44,0.2,157,1,13,877,804,2079,6,15,14,1,0,1,1
1069,0,2.7,0,3,1,43,0.8,116,2,7,786,1880,3663,7,0,5,1,1,1,3
1846,0,2.3,0,8,0,18,0.4,134,6,15,61,1671,2267,12,7,15,0,1,0,2
1185,0,2.8,1,13,0,47,0.7,175,1,12,1350,1808,2255,11,1,13,1,1,0,2
1125,0,2.0,1,1,0,23,0.8,128,6,14,1739,1156,666,16,4,3,1,0,1,0
1811,1,1.7,1,8,1,5,0.3,113,1,18,878,761,2548,15,14,9,1,0,0,2
1353,0,0.6,0,0,0,20,0.9,184,5,0,1156,990,642,15,13,20,1,0,1,0
1461,1,2.2,1,9,0,3,0.7,123,4,1,1607,1237,2992,18,2,14,1,1,1,2
654,0,2.0,1,9,0,40,0.5,194,4,17,1613,1554,2004,15,6,2,1,1,1,2
989,1,3.0,1,19,1,10,0.3,101,6,18,1212,1201,2661,13,3,6,1,0,1,2
1909,1,1.1,1,2,0,61,0.9,110,8,7,355,1386,1277,16,10,12,0,1,1,1
1284,1,1.8,1,5,1,20,0.8,86,8,2,70,1791,2917,8,11,12,0,1,1,1
1627,1,2.1,0,5,1,17,0.3,184,5,13,262,511,3101,11,14,14,0,0,1,2
1916,1,2.1,0,1,1,55,0.4,100,7,8,305,1714,2325,5,5,3,1,1,0,2
745,1,1.9,0,17,0,26,0.8,95,5,7,557,1923,274,15,0,20,0,0,0,0
1699,0,2.4,0,1,0,49,0.7,99,8,16,1247,590,3614,15,17,17,0,0,1,3
1562,1,1.0,1,11,0,19,0.8,122,5,15,1351,1099,531,6,13,6,0,1,0,0
1258,0,2.3,0,4,1,24,0.5,123,2,9,761,800,914,11,6,15,0,0,1,0
1037,1,2.0,1,19,0,54,0.7,126,3,20,587,1634,3201,6,9,20,1,1,0,3
1420,1,2.7,0,6,1,22,0.4,193,8,9,73,579,807,10,8,6,0,0,0,0
907,0,2.6,0,15,0,12,0.3,98,8,5,1534,1335,934,17,1,10,0,0,1,0
1024,1,1.3,0,19,0,40,0.7,127,1,16,141,1151,858,14,7,13,0,0,1,0
1327,0,1.2,1,0,0,42,1.0,175,5,15,1608,932,3399,16,0,17,0,0,0,3
1402,0,3.0,1,0,0,5,0.4,158,5,14,101,916,620,13,1,20,1,0,1,0
535,0,1.8,0,16,1,26,0.5,148,5,13,1629,1737,2229,15,6,16,1,0,0,1
1184,0,2.8,1,0,1,64,0.7,90,4,3,1604,1970,1050,9,15,18,0,0,1,1
519,1,0.9,0,19,1,33,0.6,158,5,3,1088,517,1614,14,3,16,0,1,0,0
820,1,2.1,0,12,1,31,0.9,108,8,1,192,1577,2955,11,16,4,0,0,0,1
1011,0,2.5,0,8,0,46,0.8,193,1,10,952,1245,2030,17,3,18,0,0,0,1
899,1,2.9,1,14,1,60,0.2,124,7,3,1085,739,845,5,2,14,1,1,1,0
1153,1,1.3,0,2,1,27,1.0,147,7,20,1555,1345,454,12,8,10,1,1,0,0
1471,0,2.3,0,13,1,58,0.8,192,5,20,1264,917,2320,13,14,14,0,0,1,3
970,1,1.8,0,10,0,62,0.9,115,1,15,1738,1355,473,17,2,17,1,1,1,1
1666,0,0.7,1,11,1,37,0.7,127,2,20,409,1967,996,9,11,20,1,0,1,1
1615,0,2.2,0,12,1,52,0.9,166,7,3,299,1098,905,10,14,15,0,0,1,0
1877,1,2.2,1,12,0,35,0.2,94,8,0,1218,1646,2450,17,7,9,0,1,1,2
1333,1,2.8,0,0,0,10,0.4,189,3,18,453,919,3537,15,11,20,1,1,0,3
1226,1,1.7,1,9,1,13,0.9,123,4,1,573,715,925,12,12,4,1,0,1,0
1353,0,1.1,0,2,1,3,0.3,146,1,8,618,1943,1693,8,14,19,1,1,1,1
550,0,0.6,0,3,0,39,0.2,175,7,12,636,1208,920,6,10,17,0,0,0,0
1074,1,1.5,1,15,1,6,0.8,153,7,17,300,1050,1111,14,16,15,0,0,0,0
1713,1,1.3,1,7,0,63,0.9,119,6,15,778,1465,2633,12,11,17,0,1,1,3
1648,1,2.4,0,15,1,6,0.2,181,2,15,1479,1751,1150,6,17,18,0,0,1,1
649,1,1.4,1,16,1,53,0.9,165,3,9,988,1760,2149,9,15,12,1,1,1,1
813,0,2.9,0,18,1,23,0.7,93,3,8,201,1853,3679,17,2,14,0,1,0,2
1069,1,2.9,0,14,1,6,0.6,142,3,10,673,1332,1442,10,8,12,1,1,1,0
1865,0,2.1,0,15,1,60,0.8,160,8,3,1879,1992,2098,9,6,5,1,0,1,3
804,0,2.8,1,14,0,5,0.5,164,1,9,301,1179,2404,10,4,15,1,0,0,0
1181,1,2.4,0,1,0,62,0.3,130,2,2,1647,986,582,10,9,6,1,0,0,0
1337,1,1.9,1,10,1,10,0.4,191,5,5,336,1122,2630,7,11,5,0,1,0,1
1577,1,1.0,0,0,1,30,0.6,158,6,2,31,1938,3482,15,7,2,1,0,1,3
1502,0,1.6,1,14,1,23,0.6,137,2,8,1121,718,2313,15,2,15,1,1,1,1
943,1,1.9,1,18,0,28,0.8,94,2,2,1782,1220,2656,7,10,8,0,1,1,2
1112,1,2.7,0,3,0,11,0.8,144,7,17,772,880,438,13,7,11,1,0,0,0
1492,0,1.7,1,10,0,17,0.6,167,2,7,1214,586,710,7,12,3,0,1,0,0
763,1,2.7,0,4,0,43,0.8,134,1,7,1564,1984,1925,7,9,11,0,0,1,1
1576,0,2.2,0,2,0,62,0.3,198,6,14,1071,1314,261,15,17,4,0,1,0,1
1503,1,0.8,0,12,0,43,0.1,155,1,12,1273,910,3660,18,11,9,0,0,0,3
504,0,3.0,0,9,0,62,0.9,89,6,6,1249,1190,1612,6,6,11,1,1,0,0
1626,1,1.8,0,10,0,52,0.2,189,6,18,1295,1512,3585,11,10,9,0,1,0,3
1719,1,1.5,1,17,1,11,0.3,185,7,7,664,1024,466,14,9,15,1,0,1,0
1273,0,2.1,0,1,0,7,0.7,121,1,9,1508,946,306,14,2,19,1,0,1,0
1376,0,0.8,1,6,0,63,0.5,195,6,16,327,799,1724,8,6,10,0,0,0,1
1491,1,2.1,1,8,0,50,0.9,174,2,0,796,907,3986,5,3,10,1,0,0,3
1383,0,1.7,0,9,0,6,0.4,90,1,12,1203,874,1265,10,7,5,1,0,0,0
1873,0,1.5,1,17,1,59,0.1,197,6,12,813,732,632,9,7,4,1,1,0,1
546,0,2.9,0,6,0,7,0.4,95,8,15,664,1137,2943,18,5,15,0,1,0,1
1366,0,1.8,1,6,1,64,0.6,152,3,8,745,1149,3813,15,12,15,1,0,1,3
1322,1,1.0,1,2,1,60,0.4,190,1,9,1046,1460,3073,6,11,17,0,0,0,3
1435,1,1.6,1,11,1,57,0.6,157,7,5,929,1572,1330,10,2,6,0,1,1,1
1155,0,2.8,0,6,0,60,0.9,98,8,4,962,685,409,5,5,16,0,1,1,0
768,0,0.9,1,16,0,64,0.9,110,8,1,1629,1728,837,7,10,10,1,0,0,0
869,0,1.0,0,0,0,48,0.3,152,4,10,1393,577,1043,8,3,8,1,0,1,0
1135,0,0.5,1,4,1,26,0.5,179,1,8,1268,1909,1046,17,14,14,1,0,0,0
1629,1,0.5,1,15,1,60,0.6,132,8,5,1825,693,3637,7,1,9,0,1,0,3
1156,1,2.6,1,14,1,52,1.0,182,1,7,1183,1626,3726,17,14,13,1,1,0,3
619,0,2.3,1,1,1,51,1.0,197,1,8,372,1899,2437,10,16,5,0,1,1,1
1330,0,1.4,0,8,0,62,0.3,169,6,8,284,786,2523,15,1,17,0,1,1,2
1581,0,2.2,0,6,0,5,0.8,87,1,7,520,749,418,8,6,7,1,0,1,0
1869,1,1.5,1,3,0,41,0.4,103,4,11,1473,1724,1226,18,15,6,1,0,0,2
1240,0,2.9,1,19,1,60,0.1,87,5,7,696,1035,903,5,4,2,0,0,1,0
1997,1,2.9,0,17,1,49,0.1,162,1,2,806,1984,2872,9,15,15,0,1,1,3
616,0,1.5,0,3,0,33,0.5,190,3,12,646,799,1781,9,1,10,1,1,1,0
1290,1,2.6,0,12,0,57,0.5,127,4,18,1645,1606,1201,13,14,19,1,0,0,2
1650,0,2.4,0,0,1,52,0.1,109,5,1,1604,1308,944,12,3,7,1,0,1,1
1916,1,1.3,1,2,0,53,0.7,137,6,16,135,957,2418,12,1,16,0,1,0,2
1512,0,1.1,1,15,0,36,0.4,165,1,15,95,1190,1778,9,9,17,1,0,1,1
1581,0,1.6,0,3,1,11,0.6,134,5,3,1142,1821,1751,12,4,9,1,0,1,1
1133,0,2.5,0,15,1,35,0.4,152,3,17,1397,1887,2303,18,17,20,0,1,1,2
1012,1,2.9,0,18,1,37,0.3,141,4,13,273,1217,1428,14,3,6,0,0,0,0
1301,0,2.4,0,0,0,7,0.5,187,4,1,1893,539,3568,11,0,15,1,1,0,2
1619,1,2.6,0,4,1,44,0.3,127,6,12,877,1863,378,5,17,8,1,0,1,1
1641,1,2.0,0,18,0,47,0.6,83,6,20,849,607,1059,16,5,5,1,0,1,1
1059,0,2.6,1,10,0,17,0.3,116,6,19,1200,1839,3142,11,13,2,0,0,0,3
987,0,2.5,1,12,1,60,0.6,87,5,16,1896,1637,1348,15,9,5,1,1,0,2
1760,0,1.4,1,19,0,54,0.2,80,1,14,1772,1690,3129,12,17,15,0,1,1,3
1396,1,1.9,0,4,1,20,0.7,171,2,19,783,760,318,7,8,17,1,1,1,0
1795,0,2.5,0,3,1,35,0.8,149,8,4,1300,1747,988,13,11,8,0,1,0,1
1712,1,0.6,0,3,0,26,0.2,126,4,6,1161,1785,3343,12,9,11,1,0,1,3
1203,1,2.5,1,3,0,32,0.5,179,2,17,1897,1774,3717,6,5,11,1,1,0,3
1970,0,0.9,0,3,1,50,0.2,196,7,10,131,1025,2893,10,13,5,1,0,1,3
1080,0,1.8,0,19,1,42,0.6,154,4,17,1067,1209,1913,8,7,13,0,0,1,2
1289,0,2.5,1,17,1,18,0.3,84,8,4,1146,625,1203,7,13,7,0,0,1,0
1360,0,1.1,0,17,1,48,0.6,129,6,12,1159,1729,3585,15,10,14,0,0,1,3
746,0,1.1,1,15,1,31,0.6,103,8,17,1390,1663,2520,10,15,2,0,0,0,2
1599,0,1.5,1,8,1,40,0.9,126,1,1,372,1585,734,14,5,9,1,0,1,0
653,1,2.7,0,17,0,55,0.6,97,1,19,1149,1806,1393,17,14,17,0,0,1,1
1958,1,0.5,1,1,0,56,0.6,163,4,3,1462,553,2252,13,14,6,0,1,1,2
1496,1,2.8,0,3,0,32,0.5,107,5,12,1810,845,1659,6,13,8,1,0,1,1
1609,0,0.9,1,11,0,20,1.0,156,7,15,1599,635,3985,14,11,4,0,1,1,3
1196,1,3.0,0,6,1,63,0.8,84,8,5,807,829,1232,14,1,3,1,0,1,0
1808,1,2.9,1,14,0,36,0.4,109,6,7,743,1667,492,14,7,3,0,1,0,0
1743,1,1.7,0,6,0,30,0.9,80,1,15,50,1959,2779,9,13,11,0,0,1,3
1592,1,1.8,1,16,1,60,0.5,165,7,12,1160,1805,2210,10,4,10,1,1,0,3
1570,1,1.7,1,15,0,2,0.8,161,7,3,1181,635,853,8,8,19,1,0,0,0
1508,0,2.1,1,18,1,5,0.8,125,1,1,55,1312,1958,11,12,7,1,1,0,0
593,0,0.7,0,8,1,29,0.3,148,3,8,1616,1351,2432,6,8,7,1,1,0,1
1457,1,0.6,0,13,1,19,0.7,110,8,17,743,1924,2813,11,13,11,0,1,1,3
1511,1,0.6,1,16,1,27,0.4,149,7,16,427,1370,420,6,4,10,0,0,1,0
952,1,1.6,0,4,1,41,0.4,170,1,7,442,1391,2580,5,1,10,1,0,1,1
1727,0,1.2,1,1,0,20,0.4,135,3,14,1934,1972,2560,15,6,4,1,1,0,3
1411,0,2.1,0,19,0,56,0.8,168,1,8,325,1134,3459,9,15,13,0,1,1,3
717,1,3.0,1,15,0,56,0.3,172,1,16,639,1168,3295,6,10,12,1,0,0,2
973,0,1.5,0,13,1,61,0.1,107,7,1,1661,1793,825,12,10,15,0,0,0,0
931,0,1.9,1,13,0,58,0.7,95,5,5,828,1540,3584,16,11,20,1,0,1,3
840,1,1.5,1,0,0,7,0.3,133,5,4,79,768,396,16,12,11,1,0,0,0
1050,0,2.6,1,2,0,2,0.2,132,6,16,473,1360,941,16,7,20,1,0,0,0
1812,0,2.8,1,6,0,9,0.3,91,8,1,376,981,942,12,15,6,1,1,0,0
1777,1,2.7,0,14,1,34,0.4,99,1,17,1892,1742,3536,5,0,10,0,1,0,3
856,0,2.9,1,18,0,52,0.5,161,8,9,918,1842,3019,8,12,2,1,1,1,2
522,0,0.6,0,19,1,44,0.1,113,6,9,332,1761,3326,18,10,16,0,1,0,2
1021,1,2.6,0,1,1,22,1.0,198,6,5,1198,784,3846,13,3,5,1,0,0,2
1623,0,2.4,1,18,0,25,0.7,132,6,11,1680,1560,2294,9,3,8,1,0,0,2
1301,0,1.1,0,8,1,26,0.4,143,6,16,440,602,1330,16,14,7,0,1,1,0
1703,1,2.9,0,18,1,48,0.4,102,4,12,125,1953,1782,15,2,16,1,0,1,2
1746,1,0.9,0,4,1,56,0.5,188,7,19,1717,1291,1538,14,1,7,0,0,0,3
1261,1,2.2,1,17,1,58,0.7,106,7,15,218,738,2481,17,5,8,1,1,1,2
941,0,1.1,0,15,1,44,0.2,192,4,9,947,1240,1177,10,7,4,0,1,1,0
1268,1,1.6,0,3,1,20,0.3,96,1,20,277,1144,2846,7,16,14,1,0,1,2
1515,0,2.3,1,11,1,30,0.9,127,4,1,1508,1648,3683,9,4,3,1,1,1,3
1848,1,1.9,1,6,0,54,0.3,100,1,1,594,1381,1597,18,1,4,1,0,0,1
1015,0,1.6,0,13,0,11,0.4,129,5,6,934,1106,1945,16,11,14,1,1,0,0
1539,1,1.3,1,11,1,57,0.9,119,7,5,140,687,3266,17,4,10,1,0,1,2
1291,1,2.6,0,2,1,13,0.7,174,2,0,845,1387,619,17,9,20,0,1,1,0
835,1,0.9,0,4,0,34,0.4,82,3,11,1007,1779,1334,17,8,19,0,0,1,1
757,1,1.6,0,16,0,57,0.7,96,7,12,1630,1486,3483,5,7,6,0,0,1,3
996,0,2.8,1,9,0,8,0.1,140,4,11,876,1423,1323,12,0,11,1,0,1,0
1395,1,2.6,0,9,0,18,0.8,129,4,18,1729,1293,2896,15,5,15,1,1,1,3
659,1,1.5,1,10,1,62,0.5,169,5,8,109,1029,2286,10,10,18,1,0,1,1
1998,0,2.4,1,16,1,62,0.8,166,4,9,1075,1175,2845,16,2,4,0,0,0,3
1351,1,2.6,0,4,0,59,1.0,85,1,16,1638,891,2625,6,14,8,0,1,0,3
1189,0,2.7,1,12,0,61,0.9,107,1,17,612,1991,2951,8,10,10,0,1,1,3
879,1,1.9,1,9,0,11,0.9,151,2,7,1677,1776,2317,8,4,6,1,0,1,1
1456,1,1.0,1,8,0,32,0.6,134,2,6,712,1171,1636,13,15,5,1,0,0,1
1190,1,1.1,1,16,1,61,0.4,137,7,8,1342,1360,1762,13,6,4,0,1,0,2
1950,0,1.2,1,0,0,7,0.5,124,2,9,1222,1699,873,9,5,14,0,1,1,1
1791,1,2.0,0,3,0,18,0.7,151,1,11,795,965,614,16,8,10,0,0,0,0
1940,1,0.6,1,3,0,51,0.9,98,8,14,728,1338,1597,7,6,8,0,0,0,2
1691,1,2.1,0,17,1,38,0.3,181,6,14,1069,1487,3402,5,2,9,1,1,1,3
1566,0,1.4,0,8,1,19,0.9,108,6,3,504,1812,2238,10,10,11,0,0,0,1
784,0,1.2,0,17,1,63,0.8,102,2,3,1563,1573,1870,12,11,2,1,0,1,1
896,1,2.7,0,13,0,27,1.0,190,2,0,1537,503,449,5,10,2,1,0,0,0
511,0,1.7,0,14,0,50,0.9,111,1,11,1918,1351,618,15,1,20,1,1,1,0
1825,1,0.7,0,5,0,55,0.4,89,5,1,1040,1746,1375,5,0,3,1,1,0,1
1776,1,2.6,1,9,1,17,0.2,170,7,14,314,1785,1319,15,1,13,1,0,0,1
998,1,0.6,1,14,1,9,0.2,128,4,16,1459,1034,3071,11,13,14,1,0,1,2
1253,1,2.3,1,3,0,25,0.4,144,7,6,1411,1402,2700,11,12,15,0,0,0,2
534,1,2.4,0,17,0,14,0.7,182,3,5,76,1899,362,6,4,6,0,1,0,0
1226,1,1.4,1,17,1,30,0.8,108,6,11,977,1584,3344,7,1,4,0,0,1,3
1348,1,2.6,1,16,0,33,0.9,138,8,18,898,1879,782,6,16,18,0,1,0,1
589,0,1.8,1,11,0,25,0.7,124,6,0,1394,1145,2208,10,10,2,1,0,0,0
1275,0,1.7,0,6,0,17,0.1,146,1,20,1188,523,3314,17,15,15,0,1,1,3
1104,0,0.6,1,15,1,12,0.3,130,7,13,1632,1816,1039,17,17,7,1,0,1,1
1469,0,1.2,0,10,0,33,0.2,190,8,3,1640,1056,3826,12,7,18,0,1,1,3
1521,0,2.8,1,13,0,7,0.4,180,1,4,1047,1190,2828,12,1,5,0,1,1,2
917,0,1.5,0,2,0,60,0.6,174,3,0,711,855,2038,5,16,7,1,0,1,1
614,0,1.9,0,18,0,36,0.1,90,8,0,1058,1369,2005,15,10,2,1,1,1,0
1116,1,1.8,0,17,1,34,0.4,165,7,20,1537,1440,3990,13,13,10,0,0,1,3
1719,1,2.0,1,9,1,19,0.3,161,8,5,1824,1074,1322,15,15,5,0,1,1,1
1325,1,0.7,1,5,1,38,0.7,178,3,4,1867,528,2929,12,14,10,1,0,0,2
1598,1,1.4,0,12,0,14,0.5,85,2,1,853,856,2121,13,14,10,1,1,0,1
912,0,2.3,1,9,1,11,0.5,146,7,20,1484,864,3920,17,2,14,1,1,1,3
1899,0,1.0,0,17,0,38,0.5,141,3,4,1161,1107,2653,18,6,18,1,0,0,2
1943,1,1.0,0,19,1,27,1.0,84,4,8,1872,908,3980,17,11,4,1,1,1,3
1228,1,0.5,1,15,0,47,0.3,88,4,18,1597,1789,3357,13,2,7,1,0,0,3
1800,0,1.6,1,5,1,18,0.6,107,6,20,1834,1814,1720,15,9,16,1,0,0,3
1520,1,2.7,1,12,1,2,0.8,162,4,14,708,1066,1261,16,7,15,1,0,1,0
1260,1,0.6,0,3,1,64,0.6,171,7,12,1912,1676,2845,10,15,14,1,1,0,3
1175,1,1.0,0,13,0,26,0.9,170,4,11,1594,718,3782,7,15,10,1,1,0,3
1917,1,1.3,1,0,0,35,0.4,156,4,4,264,672,1890,5,11,16,0,1,0,1
956,0,2.3,0,19,0,40,0.5,117,8,1,332,1107,3265,15,4,15,1,0,1,2
1419,1,2.1,1,4,1,11,0.2,122,2,3,187,1535,349,12,5,5,1,0,0,0
691,1,1.5,0,7,0,21,0.6,196,6,17,1086,1885,3622,14,5,12,0,1,0,3
1238,0,2.4,1,11,0,8,0.4,100,1,20,819,1357,3876,7,7,3,1,0,1,3
1622,0,2.0,1,1,0,57,0.2,170,6,9,1302,1156,2299,17,16,17,0,1,0,2
1477,1,2.7,0,11,0,17,0.6,141,6,12,1565,1468,3202,11,11,20,1,1,0,3
1508,0,2.5,1,4,0,38,0.6,125,6,11,1194,1605,344,17,13,17,0,0,0,0
595,1,1.1,1,4,0,30,0.2,149,3,1,1526,1863,2209,14,1,8,1,0,0,1
1162,1,1.2,0,12,1,61,0.7,117,1,14,1556,940,2806,10,5,12,0,0,1,3
1713,0,0.8,1,8,1,13,0.7,128,3,13,298,1116,3070,7,17,13,0,0,1,2
536,1,1.3,0,9,0,18,0.3,154,2,9,200,725,2297,10,3,5,1,1,1,0
1892,1,3.0,1,0,1,49,0.5,190,2,7,1158,870,2517,16,4,17,1,0,0,2
778,1,1.5,0,2,1,21,0.7,184,5,14,271,527,1701,7,5,17,0,0,1,0
716,1,1.1,1,17,0,27,0.6,196,5,12,534,1507,781,17,14,8,0,0,0,0
1366,0,2.4,1,11,0,49,0.5,160,8,7,1465,1494,2495,17,5,14,0,1,0,2
1372,0,1.9,1,2,1,20,0.4,199,2,20,1110,515,2086,18,7,6,1,0,1,1
1796,1,0.9,1,8,0,59,0.6,118,2,20,30,1800,2997,13,8,2,0,0,1,3
561,0,1.5,0,1,1,48,0.9,150,3,13,1144,832,2945,17,5,6,0,1,1,2
1095,1,1.5,0,2,1,13,0.7,109,8,0,68,982,3551,5,1,15,0,1,0,1
1228,1,2.4,0,13,1,22,0.2,100,2,12,1669,1065,810,17,15,12,0,1,0,0
1865,1,0.6,0,3,0,43,0.5,80,7,7,882,1811,2690,12,0,3,1,0,0,3
896,1,1.2,0,18,1,62,0.9,168,1,17,960,613,936,9,15,19,1,1,0,0
1198,1,1.8,0,12,0,59,0.2,111,3,8,826,537,3079,8,0,16,0,1,1,2
1542,0,1.2,0,6,0,62,1.0,87,2,12,1519,953,1753,5,0,15,1,0,1,2
676,1,2.1,1,11,0,55,1.0,148,3,2,923,1241,1887,13,6,14,1,0,0,0
895,0,1.7,1,2,0,35,0.2,109,3,17,1169,665,458,17,15,3,0,1,0,0
944,0,1.4,1,8,0,8,0.9,194,4,9,983,1193,3313,13,16,20,0,0,1,2
1756,1,2.9,1,1,1,46,0.4,87,8,4,1356,704,702,17,15,9,1,0,1,0
575,1,2.1,0,8,0,36,0.9,192,5,5,480,1377,3203,9,15,18,1,1,0,1
764,1,0.8,0,11,0,16,0.5,98,8,7,1929,744,3395,18,5,16,0,0,1,2
954,1,1.9,0,11,0,2,0.5,187,3,6,1286,1856,1371,15,17,15,0,0,0,0
1217,1,2.5,1,14,0,27,0.7,138,8,20,292,1442,1033,13,2,4,0,1,0,0
1234,0,2.3,0,1,0,36,0.8,134,6,17,1452,1919,2481,14,7,18,0,1,0,3
1907,1,0.9,1,17,1,26,0.1,109,7,13,85,1320,1942,18,3,4,0,0,0,2
1350,1,2.9,0,12,0,43,0.6,158,7,14,1039,1006,1084,13,3,14,1,1,1,1
1890,0,1.6,0,13,0,60,0.3,115,3,9,727,1423,814,11,16,19,0,1,1,1
643,0,0.9,0,4,1,60,0.4,134,6,20,627,1644,3330,12,4,2,0,0,0,3
1384,1,1.0,0,9,0,16,0.4,123,7,11,117,1782,2278,5,13,8,0,0,0,1
1592,0,0.7,1,11,1,23,0.5,106,4,6,269,909,358,8,14,6,0,0,0,0
1622,1,2.5,1,9,1,60,0.4,156,2,6,1418,809,1552,14,11,3,1,1,0,1
895,0,0.8,0,10,1,7,0.2,157,3,10,978,567,1813,14,12,18,1,1,0,0
1548,0,0.8,1,1,1,53,0.2,180,4,12,854,613,371,8,17,11,1,0,1,0
1447,1,2.6,0,4,0,16,0.1,133,8,14,161,719,1114,16,13,5,1,0,0,0
1390,0,1.4,0,6,0,25,0.5,127,1,17,699,719,2767,13,6,10,1,0,1,2
1992,0,0.6,0,5,1,22,1.0,109,8,6,1127,1996,359,7,5,12,1,0,0,0
1674,0,0.6,0,2,1,8,0.2,118,4,5,1676,1229,2562,16,4,13,0,1,0,2
1667,0,0.9,1,12,0,58,1.0,190,5,10,166,1248,1587,14,3,13,0,1,0,1
1068,0,1.0,0,2,1,62,0.8,92,5,7,299,1442,3694,14,17,19,0,1,0,3
1562,0,2.2,0,5,1,30,0.7,95,2,19,27,885,1184,5,13,5,1,1,1,0
608,1,0.9,1,10,1,63,0.7,123,8,0,1447,1821,3113,15,15,10,1,1,1,2
1565,1,0.8,0,16,0,33,0.8,150,6,7,1807,1429,2945,9,13,9,1,1,1,3
1709,0,2.4,1,9,1,33,0.2,191,2,7,561,1776,1062,11,4,20,0,0,0,1
1434,1,2.2,0,11,0,54,0.6,198,7,18,882,904,3326,16,10,14,1,1,1,3
897,1,1.6,0,16,0,60,0.7,198,6,2,155,991,3629,8,11,3,0,1,0,2
1746,1,1.9,0,3,0,63,0.6,106,6,4,1347,856,815,13,17,20,1,1,0,1
1133,0,1.3,0,1,1,6,0.8,124,6,2,1371,1951,2330,10,3,15,0,1,1,1
1656,1,1.7,0,10,1,63,0.2,198,6,14,1144,714,2811,10,12,6,1,0,0,3
1686,0,1.8,0,6,0,5,0.7,114,5,13,651,1903,782,7,12,11,0,0,0,0
1738,1,1.5,1,1,0,23,0.6,158,8,20,1551,1251,3078,14,3,18,0,1,1,3
1232,0,2.8,0,17,0,19,0.4,107,7,14,820,1326,3692,14,6,17,1,0,1,3
734,0,0.5,1,3,1,36,0.4,178,5,16,560,1737,1208,9,1,18,1,0,0,0
1157,1,2.5,1,7,1,18,0.7,86,3,17,1187,1621,553,14,17,2,0,0,1,0
1250,1,0.8,0,19,0,51,0.9,141,7,1,1085,1027,1032,10,5,16,1,0,1,0
1087,0,2.5,1,13,0,51,0.5,193,5,11,1363,1415,616,18,15,18,1,1,1,0
1532,1,2.0,0,11,1,57,0.8,189,2,15,1689,1165,3973,8,2,12,0,1,0,3
1597,1,2.6,1,17,0,25,0.5,193,5,3,311,1209,759,17,14,6,0,1,0,0
1453,1,0.7,0,10,1,3,0.2,130,7,1,375,1034,2232,7,9,5,0,1,1,0
991,0,1.9,1,7,1,14,0.2,125,7,13,1369,1053,2891,9,8,10,1,1,0,2
1412,0,1.8,1,1,0,63,0.1,99,2,10,149,827,2333,11,10,17,0,0,0,2
1776,1,2.3,0,14,0,55,0.4,175,1,12,1911,1401,1718,15,13,13,1,1,1,3
1753,1,1.8,1,8,1,16,0.4,117,8,6,584,1688,3667,10,11,19,1,1,1,3
1697,1,1.9,0,18,1,6,0.7,140,7,9,580,1639,2429,6,6,4,0,0,1,2
1691,0,1.6,0,19,1,4,0.8,183,5,0,976,649,851,5,10,16,1,0,0,0
669,0,1.3,0,7,1,38,0.1,111,2,20,176,1555,1845,9,16,19,1,1,0,1
1916,1,1.7,0,18,1,38,0.3,105,6,3,353,1156,1645,9,8,13,0,0,0,1
1445,1,0.8,0,4,0,38,0.3,137,8,17,513,1305,2131,16,12,14,0,1,0,2
1294,1,2.9,1,10,1,4,0.6,118,7,5,308,792,3770,16,15,2,1,0,1,2
1133,1,2.3,1,14,1,64,0.2,99,8,1,118,1418,518,10,2,5,0,1,1,0
1717,1,2.9,1,7,1,36,0.2,161,8,2,1542,1188,3239,7,4,9,0,1,1,3
528,1,1.1,0,18,0,53,0.9,129,4,13,766,1456,3175,5,16,20,1,1,1,2
1688,0,2.7,1,7,0,24,0.8,158,8,7,995,1700,3549,8,0,6,0,1,1,3
1945,1,2.5,1,18,1,61,0.3,131,6,15,972,1584,2119,8,8,12,0,0,0,3
838,0,2.2,1,17,1,29,0.5,165,3,18,915,915,257,14,16,18,1,1,1,0
1888,1,2.1,1,9,0,61,0.4,194,8,17,477,1906,2189,6,12,18,1,1,0,3
1865,1,1.3,1,6,0,31,0.8,101,7,5,1437,1097,649,18,14,3,1,1,0,0
999,0,2.5,0,8,0,19,0.6,132,2,13,586,506,561,12,7,2,0,1,1,0
1010,0,1.8,0,0,0,59,0.2,164,6,2,350,1417,1425,10,7,5,0,0,0,0
1850,0,0.7,1,18,1,53,0.8,145,5,15,1529,584,785,16,1,10,1,0,0,1
716,0,1.3,0,4,0,37,0.5,183,5,0,194,1273,783,7,9,3,0,1,1,0
1824,1,2.8,0,18,1,34,0.3,196,7,11,1210,1456,3635,5,4,4,0,1,0,3
1655,0,2.6,1,0,1,27,0.4,122,1,13,1473,1921,1220,16,15,7,0,0,1,2
1593,1,3.0,1,14,0,49,0.5,161,4,18,495,1916,926,15,0,14,0,1,1,1
1775,0,2.1,0,15,0,41,0.4,102,7,18,514,1570,3667,7,12,16,1,1,0,3
1938,1,1.1,1,6,0,18,0.3,156,2,8,695,1864,2655,12,3,12,1,0,0,2
944,1,0.9,0,11,0,41,0.5,143,6,6,1870,1105,3113,8,6,11,0,0,1,2
1375,1,1.0,0,7,1,8,0.1,184,4,13,272,925,2512,7,0,4,0,0,0,1
1705,1,0.5,1,4,1,58,0.8,88,1,4,879,925,1213,17,1,10,0,1,1,1
666,1,1.5,0,9,1,9,0.3,192,7,17,51,1235,2508,15,15,11,1,1,1,1
590,1,1.0,0,4,0,54,0.1,86,3,8,262,1290,2928,8,13,13,1,1,1,1
1213,0,1.5,0,16,1,57,0.7,120,4,20,1391,1014,1969,15,4,9,1,1,1,2
538,1,2.8,1,4,0,63,0.8,133,1,6,132,1652,976,8,13,18,1,0,1,0
1649,0,1.6,1,14,1,32,0.8,144,7,8,993,1772,891,6,16,6,1,0,1,1
1974,0,2.7,1,12,0,60,0.5,81,8,3,1248,1240,1294,8,11,9,0,0,0,2
672,1,2.0,1,0,1,59,0.3,83,7,16,309,630,3161,15,11,19,0,0,1,2
1152,0,1.1,0,10,1,13,0.8,157,2,11,1596,822,3755,16,2,12,1,1,0,3
1253,1,1.4,1,0,0,49,0.7,111,7,5,1900,1322,2779,13,1,11,1,1,0,3
1743,0,0.7,1,10,1,32,0.3,179,3,17,15,1042,2601,8,14,16,0,0,0,2
1581,1,1.3,1,17,1,45,0.9,81,7,7,1764,565,812,16,10,7,1,1,1,0
975,0,2.2,1,17,0,20,0.2,183,5,20,194,1217,1373,5,9,20,0,0,1,0
955,1,0.7,0,15,0,64,1.0,193,1,14,1786,1624,2410,5,17,18,1,0,0,3
1328,1,1.0,0,12,0,11,0.9,194,8,2,1466,530,3746,5,1,11,0,1,1,2
1394,1,1.5,0,6,0,40,0.7,143,5,1,302,1384,3605,18,6,6,1,1,0,2
1884,1,3.0,1,0,0,13,0.9,93,7,8,1071,690,383,9,6,17,0,1,1,0
1524,0,2.5,1,15,1,21,0.8,99,3,7,1770,914,2249,10,6,13,0,1,1,2
886,1,2.3,0,0,0,38,0.3,168,1,3,1144,1246,2762,16,13,6,1,1,1,2
847,0,0.8,1,16,1,49,0.5,185,1,1,1522,1569,293,10,1,2,1,1,0,0
689,0,2.5,1,5,1,42,0.2,128,7,13,831,1612,1888,10,1,3,1,1,0,1
1004,0,2.5,0,1,0,8,0.5,87,3,1,561,874,453,13,14,6,1,1,0,0
1714,1,2.0,0,16,1,53,0.8,171,2,1,1492,1769,2660,5,10,20,1,0,1,3
1892,0,3.0,1,5,1,55,0.4,142,8,6,40,1057,2310,14,9,16,0,0,1,2
1932,0,1.3,1,13,0,59,0.4,125,1,11,1479,1780,3883,10,2,2,1,1,0,3
1323,0,2.9,1,17,1,15,0.6,100,8,5,533,1875,3659,17,16,12,1,1,0,3
1428,1,2.8,0,5,0,12,0.9,166,3,17,370,1628,774,12,8,19,1,0,0,0
1433,1,0.5,0,9,0,8,0.1,111,4,3,1205,1860,2497,12,14,4,1,0,1,2
1640,0,1.6,0,17,0,30,0.4,87,5,18,516,1824,2619,16,13,10,0,0,0,3
633,1,2.9,0,8,1,11,0.2,174,1,12,656,1600,1280,7,16,5,1,0,1,0
557,1,0.8,1,7,1,30,0.7,180,4,19,1892,1753,1341,17,16,14,1,1,1,1
1184,0,1.9,0,9,1,10,0.2,95,1,20,589,1077,2646,9,15,10,1,0,0,2
1171,0,2.9,0,16,1,37,0.7,119,2,1,230,531,2904,14,7,4,1,0,1,1
672,1,1.9,1,5,0,49,0.4,185,7,7,808,557,1297,8,6,17,0,0,1,0
1314,0,1.0,1,13,1,11,0.3,106,3,18,1371,1627,875,16,11,9,0,0,1,1
1672,1,2.0,1,5,0,20,0.9,183,1,8,478,811,3974,5,0,8,0,1,1,3
579,1,1.0,0,6,1,57,0.1,184,3,3,1232,1590,1650,13,11,18,0,0,0,1
1385,1,1.8,1,11,1,32,0.5,97,6,15,674,1189,3125,9,5,17,0,1,1,3
1736,1,0.7,1,2,1,18,0.1,114,1,18,1703,1897,3906,6,15,19,1,1,0,3
702,1,2.0,0,13,1,10,0.5,192,2,9,277,734,3932,16,17,17,0,1,1,2
1263,1,1.8,0,18,1,46,0.6,131,2,5,1772,1142,3977,6,2,16,0,1,0,3
1752,0,2.4,1,15,0,34,0.4,94,7,15,1711,1635,1850,15,2,3,1,1,1,2
1750,0,2.1,0,6,1,35,0.2,142,7,9,52,1912,1978,11,4,5,0,0,0,2
1964,1,1.9,1,7,1,46,0.4,132,4,12,1884,1931,490,8,2,6,0,1,1,2
1925,1,2.2,1,17,1,25,0.7,170,2,8,1033,1577,3396,5,4,8,0,0,0,3
546,1,0.9,0,12,1,10,0.8,160,3,6,1681,1301,702,9,13,16,0,0,0,0
1756,0,2.0,1,8,0,8,0.6,183,6,3,1762,738,865,6,15,18,1,1,0,0
1828,1,0.9,0,9,1,17,0.6,145,8,18,747,1818,263,11,0,11,0,1,1,0
1666,0,2.8,0,8,0,20,0.3,192,2,3,463,611,717,13,16,10,0,0,1,0
1938,1,0.7,0,14,1,40,0.4,193,1,18,753,1611,1255,17,10,17,0,1,0,2
1896,1,1.6,1,19,0,7,0.2,110,8,18,1840,975,1590,5,8,4,0,1,1,2
1782,0,2.2,0,1,0,51,0.3,140,8,11,582,803,389,16,3,10,0,1,0,0
1155,0,1.6,0,12,0,52,0.3,143,2,12,157,1828,2688,6,1,9,1,0,0,2
970,1,0.7,1,1,0,12,0.6,180,6,3,18,789,311,15,8,8,0,0,1,0
1470,1,1.9,1,18,0,62,0.6,184,3,9,54,707,1248,10,4,18,0,1,1,0
1535,1,2.1,1,1,1,13,1.0,184,1,20,1750,1367,1639,12,3,6,1,1,1,2
1853,0,2.3,1,2,0,62,0.3,177,4,6,720,1081,2250,11,4,8,1,1,1,2
1235,0,1.4,0,5,1,59,0.7,113,4,4,1044,869,3441,13,17,14,0,0,1,3
1283,0,1.9,0,2,0,43,0.8,194,4,16,1305,719,1367,18,12,19,1,1,1,1
1467,0,1.6,0,9,0,14,0.6,134,7,17,760,1754,2441,6,4,15,0,1,0,2
857,0,2.2,1,5,1,13,0.3,138,1,10,1563,1301,3435,16,2,19,0,1,0,2
1471,0,2.0,1,15,0,64,0.3,82,8,14,1018,1318,1779,13,17,4,0,1,0,2
1931,1,1.8,0,16,0,22,0.1,96,4,20,1958,848,2838,8,5,18,0,0,1,3
1167,1,1.1,1,18,0,11,0.4,157,7,6,1440,754,399,15,5,20,1,1,0,0
872,0,0.5,1,2,0,21,0.8,157,2,17,807,951,3172,7,4,8,1,1,1,2
1531,1,0.9,0,17,1,51,0.1,125,8,5,722,641,2959,11,0,5,1,0,1,2
1645,1,0.8,0,6,0,37,0.3,117,1,17,284,1592,2359,9,7,16,1,1,1,2
1871,0,1.6,1,8,0,29,0.7,114,1,15,1555,588,875,17,0,9,0,1,0,1
1175,1,2.0,1,19,1,25,0.8,80,1,1,1555,1370,2142,9,5,17,0,0,0,1
589,0,1.0,1,11,1,6,0.5,191,5,18,510,1659,1285,16,13,2,0,1,1,0
1197,0,2.8,0,4,0,38,0.7,108,7,0,1865,1022,2845,17,10,17,1,0,0,2
1839,1,0.5,0,2,0,62,0.4,83,8,10,1021,1159,2750,6,1,3,0,1,1,3
1701,0,2.4,0,10,1,61,0.2,140,3,19,1419,1450,2276,10,3,3,0,1,1,3
1039,0,2.1,0,3,0,13,0.5,176,5,4,119,1409,1664,10,12,9,0,1,0,0
1231,0,1.4,0,4,1,59,0.6,96,5,15,96,941,3634,16,6,13,1,0,1,3
1368,0,0.6,1,0,0,36,1.0,107,5,0,119,537,3177,8,5,12,1,1,1,1
540,0,2.1,1,17,1,62,0.2,129,3,18,1560,1731,894,9,2,7,1,0,1,1
1239,0,1.5,1,11,1,41,0.6,169,5,13,1176,709,3629,11,8,20,1,0,1,3
1001,0,2.8,0,12,1,55,0.4,87,4,2,1268,1012,1912,18,13,19,0,0,0,1
1458,0,1.9,0,8,0,3,0.6,113,1,1,1795,1883,3732,12,10,6,0,0,0,3
1668,1,2.8,0,1,0,51,0.1,138,8,4,1539,1524,2914,10,4,16,0,0,1,3
1724,1,1.1,1,4,0,42,0.4,97,8,16,392,1480,1092,9,13,9,0,0,1,1
1428,1,2.3,0,12,0,46,0.8,174,1,17,1166,880,1841,16,7,7,1,1,1,2
960,0,2.0,0,15,1,40,0.6,138,7,0,1527,1327,1035,7,6,13,0,1,0,0
1231,0,2.3,1,15,1,43,0.5,106,2,14,793,1358,1092,11,6,20,0,1,0,1
1251,1,1.0,0,2,1,10,0.4,95,6,8,1870,893,2813,12,2,13,1,1,0,2
1424,1,2.2,1,3,0,63,0.4,89,4,4,1881,1573,3400,7,2,13,0,0,0,3
1408,1,1.7,0,10,0,23,0.4,183,3,12,219,895,3115,9,17,10,0,1,0,2
1776,0,2.4,0,13,0,48,0.9,155,6,18,838,531,2867,15,12,11,1,1,1,3
889,1,1.3,1,2,1,6,1.0,101,1,9,159,1044,520,6,0,18,1,0,0,0
1382,1,2.7,1,15,0,13,0.5,95,5,19,1099,1211,3554,14,4,19,0,1,0,3
755,0,0.7,1,14,0,2,0.5,91,8,20,610,1757,1472,14,3,17,0,0,1,0
1208,1,2.5,1,9,1,45,0.9,154,7,13,1715,1549,1653,16,15,5,0,1,0,2
949,0,2.7,1,8,1,23,0.5,163,7,20,638,1957,2313,8,14,19,0,1,1,2
509,0,2.5,1,10,0,39,0.6,130,2,11,1055,1584,557,16,17,4,0,0,1,0
1323,0,1.8,0,15,1,52,0.3,80,2,10,776,1052,3686,8,16,17,1,1,0,3
1297,1,1.6,0,9,0,20,0.8,106,1,6,333,1964,2233,16,13,15,0,1,0,1
1765,1,3.0,1,16,1,17,0.6,146,4,16,1548,1653,1060,17,13,10,0,1,0,1
1774,0,1.1,0,18,1,32,0.8,91,7,17,1463,1877,1331,12,5,7,0,1,0,2
1376,1,1.9,1,1,1,52,0.8,109,6,6,891,697,2031,7,12,5,0,0,1,1
1528,1,2.2,0,1,0,4,0.3,88,2,19,939,1298,354,9,17,3,0,1,1,0
1642,1,2.3,1,5,0,24,0.7,132,8,5,351,1193,2896,15,14,11,0,0,0,2
1515,1,1.0,0,18,0,43,0.8,140,8,10,1362,1894,3340,9,6,12,0,0,1,3
873,0,2.1,0,7,1,60,0.4,133,1,11,925,646,1669,6,16,8,0,1,1,1
1588,1,2.5,0,2,1,19,0.3,116,4,15,1423,997,2233,13,8,6,0,0,1,2
645,0,0.6,0,13,1,27,0.1,144,1,18,395,547,612,8,10,5,1,1,0,0
723,0,2.8,0,15,1,14,0.5,121,1,18,1225,1269,1919,13,4,7,1,0,1,1
1762,1,0.6,1,0,0,59,0.4,128,4,10,529,1150,3231,13,1,3,0,0,1,3
676,0,1.4,1,2,0,19,0.6,83,4,15,1932,1695,266,6,14,3,0,0,1,0
1352,1,0.5,1,17,0,4,0.3,143,4,11,1116,1112,336,13,11,17,0,0,0,0
1805,1,0.7,0,8,1,59,0.9,158,8,7,1815,1198,3588,13,9,14,0,1,1,3
562,0,2.8,1,5,1,61,0.3,130,8,2,357,1838,2309,6,9,8,0,1,1,1
1740,0,1.4,0,0,0,24,0.3,170,1,1,1419,875,3785,15,10,6,0,1,1,3
1326,0,1.6,0,9,1,4,0.5,151,2,5,827,1305,2676,17,9,18,1,1,1,1
1294,0,1.0,0,5,0,56,0.5,139,3,15,59,1420,2784,10,6,14,0,0,1,2
1188,1,2.0,1,11,1,26,0.3,166,3,19,476,1374,477,13,13,16,1,1,1,0
1984,1,2.0,0,3,1,28,0.3,158,1,14,1749,1309,2196,8,12,4,1,1,1,3
604,1,1.4,1,12,0,59,0.3,170,1,13,611,1943,3408,6,4,5,1,1,0,3
1622,0,1.3,1,16,0,45,0.7,110,2,1,0,1404,2202,11,9,16,1,0,0,1
1010,0,2.7,0,7,1,64,0.8,182,4,19,1578,1919,770,13,7,19,1,0,0,1
884,0,1.5,0,19,0,28,0.5,190,1,17,310,1710,3387,10,17,4,1,0,0,2
904,1,1.7,1,2,0,53,0.7,151,7,13,167,1505,476,15,0,8,1,0,0,0
1322,0,1.2,1,11,1,40,0.8,173,8,17,191,532,2652,15,4,9,1,0,0,2
1017,1,2.5,1,6,1,26,0.2,137,5,1,1057,568,3888,18,10,12,1,1,1,2
975,0,1.5,1,11,1,63,1.0,198,4,0,1057,1091,483,8,10,10,0,0,0,0
1208,1,1.8,1,1,0,25,0.8,185,7,19,1711,1714,2593,5,15,13,0,1,0,3
1270,1,1.1,1,13,1,9,0.3,161,8,1,1440,600,548,8,9,6,1,0,0,0
1960,0,3.0,0,4,1,10,0.3,83,1,8,707,1808,3113,7,14,2,1,0,0,3
1546,0,1.2,1,8,1,47,0.2,190,5,8,1181,1413,3520,11,6,15,1,0,1,3
1496,1,2.4,1,10,1,38,0.2,186,7,15,1780,1232,1211,15,14,4,0,0,1,1
1176,1,1.6,1,4,1,31,0.8,101,6,10,1523,889,1753,17,15,16,0,0,1,1
1213,0,1.0,1,2,0,54,0.5,82,2,5,365,659,1536,15,5,11,1,0,1,0
1981,0,2.5,0,16,1,20,0.8,158,8,11,1363,1391,2234,14,10,11,1,1,0,2
582,1,1.3,0,1,1,54,0.8,178,5,2,857,1570,1785,9,16,4,1,0,1,0
1668,0,2.7,1,0,0,17,0.6,126,1,11,1358,1682,643,16,14,7,1,0,0,1
1608,1,2.8,1,6,1,25,0.7,117,3,0,1606,1969,2918,7,15,6,1,1,1,3
1601,1,2.6,1,13,1,45,0.1,112,7,8,326,1195,3725,18,1,20,1,0,0,3
956,0,0.6,0,4,0,22,0.4,157,1,19,113,1257,2669,6,3,15,0,0,0,2
500,0,2.5,0,18,1,37,0.7,127,3,5,796,1022,2961,17,5,18,0,1,1,1
550,0,1.5,0,10,0,41,0.1,144,2,10,918,1231,2593,6,17,13,0,1,1,1
1184,0,2.7,0,1,1,40,0.1,196,2,2,1441,654,3636,9,10,10,1,0,1,3
1216,0,2.1,0,7,0,48,0.9,192,4,3,1491,838,3605,17,8,4,1,0,1,3
1969,1,2.6,0,8,0,63,0.7,105,7,9,1166,1888,3791,17,2,19,0,0,1,3
948,1,1.7,1,2,1,63,0.3,87,4,18,608,1294,444,12,1,5,0,0,1,0
1380,0,1.8,0,1,0,7,0.7,129,3,5,308,1671,1173,12,17,15,1,0,1,0
987,0,0.9,0,6,0,6,0.8,159,3,0,400,1398,1457,18,14,7,0,0,0,0
533,0,2.5,1,4,1,15,0.4,117,2,7,1343,1667,3855,16,17,16,0,1,1,2
1871,1,1.5,0,4,1,54,0.1,89,5,7,211,602,1179,9,14,18,0,1,0,1
594,0,1.8,1,19,0,46,0.9,121,3,5,316,1311,3291,17,16,6,0,1,0,2
1595,0,2.5,0,12,1,43,0.4,116,3,16,184,592,2678,6,17,7,1,1,1,2
653,1,2.0,1,19,0,51,0.2,105,7,18,1228,1474,1877,17,17,6,1,0,0,1
749,1,1.0,1,5,0,62,0.5,171,5,0,1387,1809,1015,8,10,20,1,1,1,0
1173,0,2.0,1,19,1,64,0.8,91,4,14,1239,1947,1733,11,17,15,1,0,0,2
937,0,1.5,1,17,1,5,0.3,163,4,12,245,618,2520,18,2,5,0,0,1,0
617,0,1.7,1,1,0,9,0.3,128,3,20,238,528,1321,10,12,6,0,1,1,0
1270,1,0.6,0,5,1,25,0.3,93,7,2,1828,1512,449,14,13,12,0,0,1,0
1829,0,1.0,0,8,1,12,1.0,125,4,1,1414,1553,1606,11,3,3,1,1,1,1
767,0,1.2,1,2,0,18,0.3,114,4,2,519,1371,1652,9,17,3,1,1,1,0
1577,0,2.3,1,0,0,51,0.6,108,6,8,1613,1889,1744,6,4,13,1,1,0,2
735,1,0.5,1,0,0,22,0.9,91,7,15,1859,1299,418,12,13,17,1,1,1,0
888,1,1.5,0,18,0,58,0.2,195,4,12,276,1661,531,18,11,18,0,1,1,0
1489,0,2.8,1,4,0,27,1.0,161,2,18,1005,974,619,16,6,5,1,0,0,0
1262,0,0.8,1,12,0,44,1.0,123,1,17,201,1062,1921,6,11,15,0,1,1,1
900,1,1.8,1,18,1,49,0.9,145,3,20,213,1915,3078,16,7,8,0,0,0,3
1123,1,2.5,1,11,0,45,0.3,81,8,11,605,934,2783,12,2,16,0,0,1,2
1266,1,2.9,0,15,1,46,0.7,138,3,11,477,1303,2992,11,0,17,1,0,0,2
1826,1,2.4,1,18,1,28,0.8,96,2,0,507,1757,2258,7,2,9,1,0,1,2
1418,1,2.3,1,2,0,17,1.0,89,8,19,1098,554,715,17,10,3,0,1,1,0
1730,1,2.6,0,11,1,56,0.3,97,1,7,668,1430,3592,8,17,20,0,0,0,3
1752,1,1.6,1,4,0,27,0.8,101,1,16,664,1815,2842,17,6,2,1,1,0,3
1352,1,2.5,1,1,1,54,0.4,162,2,20,141,1251,3277,11,8,5,1,0,0,3
1077,1,0.5,0,6,0,34,0.3,137,5,19,1613,811,3713,8,3,12,1,1,0,3
574,0,2.8,0,12,0,32,0.5,132,5,6,321,1612,2388,13,9,11,1,1,0,1
934,0,1.6,0,14,0,49,0.8,80,1,8,1717,1735,1987,11,17,19,0,1,1,2
602,0,1.9,1,2,0,48,0.5,167,5,16,460,1456,1595,5,15,2,0,1,1,1
1945,1,1.1,1,19,1,7,0.6,140,5,9,706,817,2546,5,11,18,0,1,0,2
1263,0,2.4,0,4,1,45,1.0,179,5,3,669,1256,3796,8,2,17,0,0,0,3
1237,1,0.7,0,7,1,9,0.5,168,1,6,1169,964,3183,18,7,13,0,0,0,2
1305,1,2.7,0,0,1,8,0.7,179,8,6,53,1610,1621,18,8,17,0,0,1,0
1829,0,2.6,1,7,1,35,0.4,110,5,7,1379,1932,3504,17,16,10,1,0,1,3
597,1,1.0,1,17,0,45,0.5,110,8,7,276,1763,3457,13,12,18,0,1,0,2
1297,0,2.5,0,19,0,54,0.7,145,3,15,1844,1199,912,17,1,4,1,0,1,1
1858,0,2.5,1,15,0,15,0.9,98,6,11,1618,1580,1362,8,3,19,1,0,0,2
1358,0,2.1,0,17,0,17,0.6,132,1,14,399,1636,1639,17,10,16,0,0,1,1
934,1,1.4,1,19,0,44,0.8,155,2,7,667,1234,2391,9,1,16,1,0,0,1
946,0,1.2,1,11,1,53,0.2,153,5,8,515,1593,3859,5,3,17,0,0,0,3
1831,1,1.1,1,12,0,10,0.3,174,4,2,1522,1238,997,18,3,2,0,1,1,0
748,0,1.3,1,12,0,11,0.6,188,1,20,1334,1267,2251,6,0,2,1,1,1,1
665,0,2.8,0,9,1,18,0.1,101,7,15,1294,1707,3288,15,10,5,1,0,0,2
1483,0,0.7,1,6,1,13,0.3,102,2,14,575,1243,3965,8,1,14,1,1,0,3
1858,1,2.6,1,13,0,7,0.6,195,6,3,1472,775,2774,16,7,5,1,0,1,2
1519,1,1.4,0,15,0,20,0.1,166,3,19,111,732,1777,8,3,9,1,1,0,1
1041,1,1.8,1,14,1,44,0.3,94,8,15,238,553,3834,15,15,14,1,1,0,3
1258,0,2.5,0,11,0,42,0.6,105,8,9,1167,756,3681,14,14,9,1,0,0,3
1629,0,2.7,0,8,0,54,0.6,82,7,10,1397,589,2719,10,4,15,1,1,0,3
580,1,1.4,1,7,0,30,0.9,166,2,4,1043,1958,3378,17,4,2,1,0,0,2
632,1,1.7,1,17,1,7,0.7,99,5,10,1599,907,1879,10,14,10,0,0,0,0
1296,1,1.5,0,17,0,60,0.5,188,4,12,1312,1792,937,12,16,2,0,1,1,1
1399,1,0.5,0,12,0,26,0.9,119,5,14,1616,865,3390,16,2,8,1,1,1,3
637,1,1.2,0,17,1,58,0.8,118,2,5,196,850,1368,17,17,14,1,1,0,0
683,1,1.6,1,14,1,25,0.3,199,1,15,381,1822,1980,13,10,16,1,1,0,1
1924,0,1.5,0,3,1,26,0.2,151,7,14,1604,1682,3517,18,5,10,0,0,1,3
1853,1,2.3,0,16,0,17,0.7,97,4,10,1721,986,1154,5,11,17,0,0,0,1
1284,0,1.5,0,4,1,53,0.6,120,8,19,1702,1341,856,5,16,18,1,0,1,1
1483,0,1.7,1,15,0,17,0.8,149,7,1,1740,1483,3675,10,13,10,1,0,1,3
568,1,1.6,0,8,1,7,0.8,106,7,1,1515,1878,2123,8,5,7,1,0,0,0
1045,1,2.4,1,9,0,38,0.7,179,4,11,163,1120,3865,15,9,13,1,0,0,3
552,0,2.7,1,17,1,22,1.0,94,8,15,605,1429,1455,8,15,17,0,1,0,0
1973,1,1.8,0,16,0,5,0.6,116,8,18,1272,900,3691,5,17,16,0,0,1,3
704,1,2.5,1,17,0,35,0.2,137,2,1,1091,1928,3079,13,5,8,1,0,1,2
625,0,1.2,0,6,1,29,0.8,84,6,16,854,1619,3204,16,2,11,1,1,0,2
542,0,1.9,1,3,1,39,0.3,182,6,13,1044,1069,3881,15,11,5,0,1,0,3
610,0,1.4,1,4,0,42,0.8,152,5,15,830,1474,738,7,15,4,0,0,0,0
1260,1,1.5,0,15,1,29,1.0,86,2,4,1535,891,2266,9,2,19,1,0,1,1
1706,0,2.3,0,2,0,18,0.7,120,4,9,596,851,1398,14,15,2,1,1,0,0
1347,1,2.7,0,17,1,15,0.6,163,2,16,1413,1305,424,5,3,14,0,0,1,0
594,0,0.8,1,13,1,8,0.5,89,4,12,535,1075,3947,12,12,19,0,1,0,2
1897,0,2.1,1,14,0,23,0.4,141,7,15,110,1276,2277,7,3,9,0,1,0,2
1399,0,2.0,0,16,1,52,0.4,105,5,8,948,1132,2450,18,3,12,1,1,1,2
859,1,0.8,0,0,1,2,0.7,147,1,3,862,1811,3764,5,6,11,0,0,1,2
1399,1,1.0,1,16,0,30,0.8,181,7,15,594,1022,694,14,11,5,1,0,1,0
780,0,1.3,1,10,0,53,0.7,103,8,10,1893,1225,3191,10,1,5,0,1,1,3
1718,0,0.9,1,16,1,32,0.3,157,1,6,1021,661,3516,5,15,5,0,1,1,3
1718,0,1.1,0,13,0,31,0.5,120,2,16,459,1158,415,7,6,13,0,0,1,0
1166,1,1.2,1,19,1,58,0.8,144,4,12,1101,1705,1069,9,10,9,1,0,0,1
592,0,1.3,0,18,1,16,0.5,96,1,3,433,1349,2705,8,0,14,1,0,1,0
1171,1,2.4,1,6,0,19,0.6,188,7,13,1403,581,841,11,8,9,0,1,0,0
560,0,1.9,1,12,0,36,0.8,103,4,9,1675,1023,1119,10,4,4,1,1,0,0
1133,0,3.0,0,17,0,51,0.7,106,5,9,1463,503,1297,16,16,13,0,1,0,1
1574,0,1.5,0,13,0,31,0.5,86,7,9,887,994,395,7,0,19,1,0,1,0
1926,0,2.4,0,0,0,35,0.9,152,8,11,782,1574,1394,15,16,16,0,1,1,2
1528,0,2.7,1,6,0,43,0.2,186,2,1,1362,1784,583,12,11,15,0,1,0,0
1989,0,2.2,1,7,1,12,1.0,178,4,8,987,1657,480,12,12,10,1,1,0,0
1103,1,1.5,1,17,1,28,0.2,91,2,4,1447,1885,813,18,10,6,0,0,0,0
1181,0,2.4,0,8,0,25,0.1,164,4,7,168,1067,2742,6,12,16,1,1,1,1
1033,1,1.0,1,0,1,36,0.9,82,7,20,708,1740,1829,11,12,9,0,1,0,2
1928,0,1.3,0,16,1,40,0.3,158,6,13,964,1377,1997,18,5,4,1,0,1,2
1337,0,1.9,0,18,1,9,0.8,164,6,6,1285,1591,641,5,5,13,0,1,0,0
1144,1,1.9,0,5,1,52,0.8,89,4,6,726,1511,776,6,9,6,0,0,1,0
732,0,0.6,1,2,0,19,0.9,112,5,8,1602,1514,1532,12,2,10,1,0,1,0
1023,1,2.9,1,4,1,14,1.0,125,2,2,228,1363,2923,16,6,4,0,1,0,1
845,1,2.2,0,1,1,46,0.4,138,8,13,1184,1666,1377,5,4,9,1,0,1,1
1569,0,1.7,1,19,0,25,0.7,131,3,16,426,1869,3090,6,7,14,0,1,0,3
1045,1,2.8,0,3,0,52,0.2,85,4,17,121,1278,3398,16,4,9,0,0,0,3
1601,1,1.6,0,9,0,24,0.5,81,4,11,148,1717,2854,5,11,6,0,1,0,2
1596,0,3.0,1,9,0,13,0.9,108,6,13,851,1504,2089,9,3,8,0,0,0,2
1293,1,1.8,0,10,1,50,0.4,198,1,12,704,1769,702,11,17,6,1,0,0,0
748,0,0.8,0,15,0,31,0.6,119,7,13,1766,813,3417,10,2,10,1,0,1,3
546,0,2.4,1,16,1,32,0.6,176,6,8,110,1229,3757,10,6,6,1,1,0,2
1644,0,2.2,0,15,1,29,0.7,140,2,18,1680,883,1498,10,7,9,0,1,1,2
713,0,2.4,0,6,0,23,1.0,147,6,1,1244,776,362,12,14,13,1,1,0,0
738,1,2.9,0,15,0,45,0.2,147,3,10,1927,1595,1755,9,16,5,1,0,0,1
1579,0,2.4,0,2,0,29,0.6,108,5,16,63,1652,3219,14,3,10,0,0,1,3
849,0,2.0,0,15,0,14,0.9,180,7,1,637,1881,1733,11,15,15,1,1,0,0
606,1,2.6,0,7,0,26,0.5,141,3,18,1753,1197,1159,7,12,20,0,1,0,0
1330,0,2.2,0,11,0,45,0.2,139,5,6,1819,1743,1887,13,11,14,0,0,1,2
547,0,1.5,1,2,1,52,0.6,163,3,17,1377,1529,2847,14,3,4,1,0,1,2
836,1,2.7,1,16,1,47,0.4,120,8,12,1497,1250,1405,7,11,5,1,0,0,1
1549,1,1.1,0,17,1,8,0.2,166,7,4,908,1482,1426,18,16,2,1,1,0,0
1303,1,2.3,0,10,1,46,0.9,188,6,17,1771,1123,2583,18,8,2,1,0,0,3
1780,1,2.7,1,3,0,7,0.6,161,3,15,1508,727,279,10,11,12,0,1,0,0
507,1,2.3,1,15,0,25,0.9,192,6,14,12,516,1207,7,14,17,1,0,0,0
1124,1,2.2,1,16,1,20,0.8,168,7,7,933,511,2000,5,1,5,0,1,0,0
1776,1,2.4,1,8,1,20,0.7,144,6,14,1176,1191,2295,5,8,8,1,0,0,2
1218,0,1.7,1,5,1,37,0.1,197,2,0,238,569,375,7,13,13,0,0,0,0
802,1,2.7,0,19,0,52,0.5,143,6,16,1213,607,1931,8,3,7,1,1,0,1
1138,1,1.0,1,1,0,10,0.3,158,1,14,662,700,1576,18,3,10,1,0,1,0
555,1,0.8,1,8,0,49,0.9,142,3,13,1109,1575,1110,6,5,9,0,0,1,0
1225,0,1.2,1,5,1,60,0.3,177,7,13,1044,1128,1271,13,4,15,1,0,0,1
1025,0,1.8,0,2,1,37,0.4,127,4,9,693,1782,3247,15,16,16,1,1,1,2
973,1,1.8,0,19,0,39,0.6,99,4,1,1342,1787,3409,12,12,6,1,0,1,3
527,1,2.6,0,5,0,41,0.3,197,4,5,1181,1405,703,16,16,16,1,1,0,0
577,1,1.5,0,6,1,60,0.3,116,7,16,970,802,2191,17,0,7,0,0,1,1
1739,0,1.7,0,0,1,30,0.6,143,1,4,963,1436,1999,7,16,2,0,0,1,2
1909,0,0.5,0,0,0,25,0.2,170,6,4,1504,1075,1251,11,2,10,1,1,1,1
864,1,1.5,1,4,1,49,0.2,165,3,14,1902,1054,2198,8,13,5,0,1,1,2
1165,0,2.1,0,5,0,64,0.4,194,5,14,75,624,3797,9,11,3,1,1,1,3
1025,1,0.5,0,12,0,6,0.7,84,5,19,328,1793,1702,8,14,7,0,1,0,1
1198,0,1.2,1,1,1,54,0.6,113,7,10,1439,1358,3872,13,5,3,0,1,0,3
1835,0,1.0,0,14,1,55,0.5,118,2,4,1226,1244,3351,15,1,4,0,1,1,3
1382,1,0.6,1,14,1,43,0.6,146,1,0,1252,979,1340,11,3,8,1,0,1,0
1530,1,1.7,1,12,0,56,0.4,160,3,10,151,631,1980,17,12,18,0,0,1,1
1526,1,1.0,0,13,1,46,0.9,141,6,10,1798,1525,2387,8,12,10,0,0,0,3
1418,1,2.4,1,6,1,62,0.1,167,4,5,71,614,2528,17,16,10,1,0,1,1
1249,0,2.6,1,13,0,27,0.7,103,1,7,224,980,441,12,5,20,0,1,0,0
862,0,1.9,1,9,0,15,0.9,82,1,1,472,1480,2678,6,10,6,1,0,1,1
1797,0,3.0,1,16,1,40,0.8,188,3,14,1920,1524,327,11,15,7,0,0,1,1
1305,1,1.6,0,13,0,30,0.3,150,7,8,1666,830,329,15,7,19,1,0,0,0
1238,0,1.8,1,7,0,53,0.4,168,6,14,359,1441,2176,5,0,2,0,1,0,2
1538,1,3.0,0,3,0,7,0.7,199,8,7,539,1454,1620,12,9,18,1,1,0,0
1715,0,1.1,1,15,1,8,0.2,146,8,15,810,1267,2456,17,1,15,0,0,1,2
984,1,2.9,1,12,1,38,0.8,158,7,13,608,890,2399,18,13,16,0,1,1,1
527,1,0.6,1,19,0,54,0.7,172,7,14,1069,1333,3892,16,2,6,1,0,0,3
1213,0,1.6,0,17,0,19,0.8,129,2,19,0,642,2748,18,8,18,0,1,1,1
1562,1,0.7,0,13,0,24,0.2,108,7,12,677,827,3437,17,7,12,0,0,0,3
1796,1,2.3,0,17,1,45,0.7,153,6,8,1268,1127,1737,10,10,11,1,1,0,2
1754,0,2.0,1,4,0,39,0.7,111,2,0,1242,876,3131,16,14,18,1,0,1,2
585,1,2.3,1,8,0,60,0.8,166,8,5,1637,589,3378,9,5,2,0,0,1,2
1997,1,1.4,1,2,1,2,0.1,118,2,7,290,1307,2680,13,1,6,1,1,1,2
625,1,1.4,1,7,0,5,0.1,88,4,19,1481,1520,1020,13,0,17,0,1,1,0
1311,0,0.6,0,19,1,52,0.4,180,4,17,203,1565,1352,7,2,8,1,1,1,1
1036,0,1.4,1,9,1,45,0.2,195,8,17,1225,1558,467,13,17,13,1,1,1,0
644,1,2.8,0,18,1,48,0.6,183,3,16,565,1511,3759,17,13,9,1,0,1,3
1735,0,1.4,1,2,0,36,0.9,93,8,20,481,1052,979,17,16,19,1,0,0,1
524,1,2.6,0,10,0,24,0.5,147,6,15,1815,623,3495,13,1,2,0,0,0,2
1917,1,2.6,0,10,1,28,0.9,143,7,12,510,556,3078,6,8,13,1,0,1,2
566,1,1.4,1,16,0,61,0.1,99,2,3,923,1305,2634,9,7,5,0,0,0,1
732,1,2.1,1,15,1,27,0.3,107,3,3,277,1979,2021,15,9,13,0,0,0,0
608,1,0.7,0,6,0,53,0.1,93,2,20,1004,734,1006,6,8,2,0,0,0,0
1669,0,0.8,1,3,1,64,0.4,123,1,13,15,1107,1773,5,7,2,0,0,0,2
610,1,0.6,1,18,1,61,0.9,177,5,4,1548,891,3470,11,6,4,0,1,1,2
727,0,2.0,0,11,0,9,0.2,156,5,15,355,1469,3909,8,5,13,1,0,0,2
610,0,1.6,0,14,0,44,0.6,174,2,13,355,1866,1724,9,1,14,1,1,0,1
1993,1,1.9,0,10,0,17,0.5,176,3,13,829,1699,3127,8,8,14,0,1,1,3
533,1,1.8,0,4,0,42,0.9,195,8,13,598,551,649,10,8,10,0,1,0,0
1122,0,1.4,1,4,1,4,0.2,118,4,13,1101,988,767,15,8,19,1,1,0,0
1892,0,2.2,0,14,1,33,0.3,107,6,18,927,504,941,6,1,2,0,0,1,1
1247,0,2.4,0,17,0,6,0.1,143,2,2,1090,1131,2924,12,15,7,1,1,0,1
1094,1,0.5,0,10,0,21,0.5,168,2,16,858,1732,1994,8,13,6,0,0,1,1
924,0,1.0,1,11,1,15,0.4,111,6,13,1746,716,1976,12,0,5,1,0,1,1
1112,1,2.3,0,1,0,61,0.9,88,8,9,213,1035,2082,7,12,7,1,1,1,1
1191,1,1.5,1,19,0,33,0.6,107,7,12,1720,1865,3655,16,1,4,0,0,0,3
1805,1,2.2,0,14,0,27,0.7,174,4,3,448,1924,2907,16,13,18,1,0,0,2
1843,0,1.4,0,19,0,48,0.6,96,2,10,964,1985,1538,15,0,12,0,1,1,2
1966,1,1.5,1,3,1,7,0.2,196,1,14,1456,1237,2113,9,14,5,1,1,1,2
814,1,0.9,0,17,1,60,0.5,166,4,14,1568,1229,3764,16,17,2,1,0,1,3
1376,1,1.1,0,5,0,59,1.0,156,1,1,1138,1734,3021,7,8,5,0,0,0,3
1900,1,2.0,1,18,1,37,0.9,134,5,10,786,1549,3891,16,7,4,1,0,0,3
1812,1,1.6,0,10,0,41,0.9,89,6,1,1443,1775,2652,17,6,11,1,0,1,3
1960,0,2.4,0,1,0,52,0.8,159,4,4,498,502,2818,11,8,2,0,1,0,2
1161,1,2.6,0,7,0,60,0.2,85,7,12,709,1525,3776,7,8,5,1,1,0,3
776,1,1.9,0,10,1,6,0.3,127,4,0,379,1525,2702,16,10,20,0,1,1,0
1123,0,2.4,1,4,1,14,0.1,154,3,6,1166,649,3923,12,3,2,0,1,0,2
1015,1,1.3,0,17,1,33,0.4,195,3,6,739,503,2517,13,6,17,1,0,0,1
1873,0,1.5,1,17,1,17,0.2,146,6,9,631,967,3873,17,6,20,0,1,1,3
1342,1,2.3,0,13,1,2,0.5,171,7,5,1888,569,2865,16,3,19,1,0,0,2
1969,0,1.5,1,9,0,14,0.7,120,4,19,1047,700,1568,6,11,3,1,0,0,1
849,0,2.0,0,2,0,64,0.9,158,8,11,538,807,2120,7,16,7,0,1,0,1
1322,1,1.0,1,8,1,55,0.8,139,5,12,944,1775,3586,16,2,2,1,0,1,3
1660,1,2.0,0,2,1,12,0.9,156,7,10,1098,1810,2561,17,8,20,1,0,0,2
1258,1,2.7,1,10,1,54,0.1,121,2,17,752,1421,1667,11,4,6,1,0,0,2
1398,0,2.7,1,11,0,9,0.1,195,6,1,534,791,2063,9,15,3,0,1,0,0
742,0,2.3,0,11,1,26,0.7,199,8,15,672,1677,2997,14,7,2,0,0,0,2
1042,0,2.4,1,2,0,41,0.4,188,7,1,1064,1423,1824,11,15,17,1,0,0,1
1563,1,1.9,0,6,0,33,0.3,160,6,18,1773,1656,3592,6,15,3,0,0,1,3
728,0,2.0,0,13,1,25,0.4,150,7,5,1774,1382,3640,18,17,5,1,0,0,3
1047,0,0.8,0,10,0,29,0.3,107,3,0,567,1085,1319,18,14,4,1,1,1,0
1419,1,1.6,0,6,0,15,0.6,181,5,10,1436,1797,1253,8,17,18,0,1,0,1
1746,0,1.6,0,9,1,46,0.5,92,6,17,414,1008,3123,5,13,16,0,0,1,3
505,0,2.9,1,10,0,4,0.6,160,5,9,448,1876,2513,9,15,11,0,0,1,1
1845,1,1.6,0,14,1,37,0.7,94,6,17,609,504,2575,12,4,13,1,0,0,2
967,0,1.9,0,18,0,64,0.4,115,3,0,657,792,3463,5,7,13,0,1,1,2
574,1,1.8,0,15,1,28,0.3,171,2,18,1797,859,854,11,15,8,1,1,0,0
503,1,2.1,0,19,1,21,0.2,94,8,15,435,713,1339,11,0,11,1,0,1,0
1145,1,2.4,0,11,0,48,0.4,189,3,6,1575,1929,3837,11,10,6,1,0,0,3
617,1,1.1,0,17,1,16,0.8,196,6,14,704,1959,3842,5,10,12,0,1,0,3
1380,1,1.8,1,12,0,63,0.8,154,5,0,238,1538,3342,16,1,3,0,0,0,3
1003,0,2.6,1,4,0,28,0.7,135,1,20,1065,1796,3941,15,4,17,0,1,0,3
1446,0,1.7,0,3,1,54,0.3,174,3,8,733,1062,3326,7,2,13,1,0,1,3
1073,1,1.2,1,13,0,46,0.6,83,5,1,1731,1264,2558,15,7,17,1,0,0,2
1964,1,2.1,0,7,1,42,0.6,178,7,16,799,544,3040,6,3,5,0,0,0,3
693,0,2.6,0,8,0,29,0.5,177,7,9,9,1202,977,9,12,3,0,0,0,0
1346,1,0.7,0,18,0,26,0.6,131,3,5,746,1133,2838,6,13,11,0,1,1,2
1214,1,2.4,0,2,1,43,0.5,170,6,4,1860,1935,3562,17,0,14,0,1,0,3
1915,1,2.6,0,4,0,62,0.6,89,7,7,1288,1710,1410,18,4,20,0,1,1,2
1549,0,1.7,1,17,0,45,0.7,173,5,7,1604,1160,3997,9,6,16,0,0,1,3
1958,0,3.0,1,0,0,47,0.2,124,8,4,1468,1693,1964,9,5,2,0,0,0,2
672,1,2.5,1,7,0,34,0.8,163,2,11,138,1220,3327,8,14,18,0,1,1,2
1823,1,2.4,1,18,0,47,0.2,108,5,6,1890,1093,272,15,14,5,0,1,0,0
825,0,2.4,0,16,0,15,0.2,132,7,12,730,1924,3185,11,7,10,1,0,1,2
1933,0,0.9,1,16,0,9,1.0,108,7,12,195,745,3257,14,1,7,0,1,0,2
1641,1,1.0,0,10,0,49,1.0,102,4,16,1097,1356,3129,10,13,4,0,0,0,3
1335,1,1.7,1,1,1,15,0.2,136,1,3,1638,1051,1247,6,15,3,1,1,0,0
1223,0,1.2,1,5,0,2,0.5,129,6,17,1248,542,1133,8,9,19,1,0,1,0
724,0,1.5,1,13,0,17,0.3,100,5,9,1658,1340,2488,17,14,20,1,0,1,1
1031,0,2.7,1,2,1,19,0.5,191,7,2,1125,678,3718,18,3,8,1,1,1,2
612,1,2.6,0,11,1,8,0.8,122,6,11,263,1980,1702,15,11,4,1,1,1,0
639,0,2.1,1,3,1,16,1.0,89,3,0,944,1034,1721,11,9,19,1,0,0,0
1058,1,2.6,1,11,0,25,0.7,184,3,10,919,1106,1934,13,1,20,1,0,0,1
500,0,2.5,0,12,1,50,0.4,155,5,17,160,1171,3883,13,3,10,0,1,1,3
589,0,1.6,0,1,1,64,0.6,109,4,12,1256,1767,3339,16,5,17,0,0,1,3
1153,0,1.0,1,1,0,52,0.4,130,7,16,490,1426,1799,7,13,7,0,1,1,1
819,0,1.8,0,14,0,56,0.9,112,5,7,1810,516,335,5,2,13,1,0,1,0
638,1,2.3,0,16,1,14,0.9,97,2,19,769,1635,3112,13,14,7,0,1,0,2
1344,1,1.6,0,6,1,10,0.6,157,4,18,310,1325,2605,12,0,14,1,0,0,2
758,0,2.2,1,13,0,57,0.4,101,7,16,1674,1046,3543,11,0,6,0,0,0,3
1401,1,0.7,0,11,0,57,0.4,143,7,1,226,1553,1527,10,12,14,1,0,1,1
1189,0,2.4,1,16,0,16,0.1,100,6,2,272,1715,1820,18,7,8,0,0,1,0
509,0,2.5,1,13,0,58,0.8,80,5,2,937,936,1551,14,17,13,0,0,1,0
760,0,2.3,1,5,0,59,0.5,192,7,5,316,678,2436,11,2,5,0,0,1,1
671,0,2.9,1,18,1,36,0.4,186,6,9,1922,1115,1284,15,17,6,0,0,0,0
1397,1,2.6,0,5,0,25,0.5,195,7,17,1109,1176,3059,13,8,17,0,1,0,3
512,0,2.8,1,17,0,34,0.8,94,1,17,290,1997,1821,10,5,5,0,1,1,1
1691,0,2.8,0,4,0,17,0.2,115,4,13,1492,1133,2932,18,1,9,0,0,0,3
820,1,2.5,1,5,0,9,0.9,126,5,15,728,1657,1969,18,3,17,1,1,0,1
1842,0,2.2,0,1,0,30,0.9,133,1,6,1894,1301,1265,14,17,9,1,1,0,1
828,0,0.5,1,7,1,24,1.0,165,5,0,1601,811,1028,7,6,18,0,0,0,0
1284,0,1.7,0,14,0,46,0.5,111,2,16,1792,524,2444,17,10,15,0,1,1,2
1276,1,1.9,1,14,1,32,0.3,137,3,4,1670,870,738,18,4,13,0,0,0,0
1410,0,1.3,1,10,0,41,0.4,125,8,0,1427,1024,3632,7,7,4,0,1,0,3
1942,1,1.3,0,0,1,50,0.4,133,6,20,1450,1842,2648,8,10,3,1,1,0,3
1618,0,2.9,1,17,1,55,0.3,112,5,16,374,729,1841,14,14,14,1,1,0,2
817,0,2.7,1,11,0,56,0.6,184,4,9,1925,1625,3597,17,2,12,0,0,1,3
735,1,2.6,1,11,0,15,0.5,118,5,11,566,1973,3435,18,6,13,0,1,0,2
833,0,1.5,0,10,0,60,0.9,102,5,19,867,877,1837,18,7,19,0,0,0,1
875,0,0.5,1,7,0,54,0.1,122,5,1,754,1387,2777,14,10,10,0,0,1,2
1982,1,0.7,1,6,0,31,0.7,134,8,15,251,1726,1361,12,9,8,1,1,1,1
1660,1,1.3,0,1,1,54,0.8,81,7,14,1556,1790,3965,14,8,7,1,0,1,3
1087,1,0.5,0,10,0,40,0.8,145,5,12,306,961,1363,13,14,15,1,0,1,0
1012,1,0.5,0,9,0,64,0.9,117,7,17,1453,864,3617,18,4,19,1,1,1,3
1819,1,2.8,0,2,1,28,0.8,198,4,19,674,603,3398,12,14,15,0,0,1,3
1843,0,2.3,0,19,0,48,0.9,194,4,13,867,1634,430,15,3,6,1,1,0,1
1417,1,1.3,1,9,1,17,0.4,108,5,17,263,927,2107,14,4,14,0,1,0,1
1872,0,0.8,1,17,0,52,0.6,195,7,1,67,968,1097,6,14,2,1,0,1,0
1372,0,1.8,1,13,1,7,0.1,189,3,1,1130,1514,3790,8,16,13,1,1,0,3
1752,0,0.5,0,17,0,56,0.1,146,5,2,1423,1369,2128,8,7,20,0,1,0,2
769,1,2.8,1,7,1,34,0.3,182,6,4,1602,1269,3722,16,8,11,1,0,0,3
1297,1,1.5,0,9,1,45,0.2,150,6,15,1222,1179,3169,6,9,6,0,0,0,3
1814,0,1.5,0,12,0,19,0.3,115,4,14,1215,1304,3418,17,4,7,0,0,0,3
1224,1,1.5,1,7,0,17,0.3,108,8,11,513,1385,2772,12,9,13,0,0,1,2
1688,1,0.7,0,3,0,13,0.1,198,6,8,768,1060,2142,7,0,4,0,1,0,1
504,1,2.1,0,3,1,21,0.9,116,6,13,441,1773,3761,6,3,15,0,1,0,2
1350,1,2.3,1,4,1,46,0.1,192,2,20,0,830,3576,11,4,5,1,1,1,3
1902,0,2.2,0,0,1,41,0.8,179,5,15,357,1086,2947,5,6,18,1,1,0,3
577,0,0.8,0,16,0,60,0.2,166,5,10,1138,700,2984,10,4,18,0,1,0,2
1933,1,1.9,1,1,0,30,0.9,124,5,5,902,953,1210,17,7,15,0,0,0,1
1073,0,1.9,0,7,1,31,0.9,95,5,9,1623,1325,1851,17,16,16,0,1,0,1
631,1,2.7,0,6,0,27,0.7,191,1,7,1220,610,3152,7,0,8,0,1,0,1
1100,1,1.4,1,14,1,23,0.7,110,5,15,1627,1363,2544,17,17,5,1,1,0,2
1565,0,1.4,1,4,0,34,0.1,113,8,2,273,1407,3005,7,11,18,0,1,1,2
588,0,2.0,1,1,0,59,1.0,129,7,1,855,1732,3823,9,2,7,1,0,0,3
901,0,2.1,1,6,1,54,0.9,144,4,15,1017,532,595,18,13,12,1,0,1,0
795,1,1.7,0,7,0,40,0.9,161,7,18,1183,1054,3096,7,15,13,0,0,1,2
1818,0,1.6,0,6,0,48,0.7,141,8,8,172,606,999,16,17,16,1,1,0,0
1115,1,1.7,1,6,0,30,0.4,183,4,15,1568,1788,1750,8,9,13,0,1,0,2
1299,0,2.7,0,13,0,23,0.9,122,1,3,1481,725,2766,17,14,12,0,1,0,2
921,0,1.7,0,17,0,46,0.4,135,5,9,584,986,3104,17,9,18,1,0,1,2
1546,1,2.8,1,5,1,14,0.6,199,3,18,1456,678,3602,7,0,9,0,1,1,3
1074,1,1.8,1,3,0,61,0.2,94,7,12,928,1745,2104,11,1,13,0,0,1,2
642,1,2.9,0,9,1,10,0.9,127,5,17,480,1893,270,7,12,10,1,1,0,0
1492,1,2.6,1,17,0,25,0.2,128,4,14,454,1136,3368,18,15,12,1,0,1,3
1164,1,1.4,1,11,0,16,0.3,160,7,3,195,1287,2244,14,7,4,1,0,0,0
644,1,2.7,1,15,1,37,0.6,123,2,8,795,666,463,8,2,8,0,1,0,0
1748,1,0.8,0,6,1,14,0.8,89,6,3,598,1162,1339,6,13,4,1,1,1,0
1506,1,2.8,1,5,0,28,0.7,99,2,15,1332,799,2668,6,10,17,1,0,1,2
1002,0,2.1,0,4,0,45,0.3,149,3,20,1759,1904,3567,13,11,11,1,0,0,3
1320,1,0.6,0,2,1,38,0.1,87,5,14,555,534,2911,15,10,8,1,0,1,2
603,1,2.1,0,11,1,8,0.8,124,1,1,847,906,2463,5,10,16,0,0,1,0
1562,0,2.9,1,14,1,9,1.0,113,5,13,1517,813,652,5,17,11,1,0,0,0
697,1,0.7,1,9,1,38,0.8,175,3,2,438,1315,2213,14,9,13,1,1,1,0
1078,0,1.9,1,19,0,42,0.5,130,3,3,649,1242,1049,5,15,19,0,0,1,0
890,0,2.4,1,18,0,15,0.9,197,6,0,1805,1226,2803,18,7,10,1,1,0,1
1702,1,2.5,1,15,0,59,0.5,185,3,8,358,1325,464,7,5,10,1,1,0,0
1053,0,1.5,0,10,0,13,0.6,83,2,16,1059,1624,1412,6,12,5,0,1,1,1
1971,1,1.0,0,7,0,37,0.5,187,6,13,1057,1068,3708,7,14,6,0,1,1,3
1538,0,0.6,0,2,1,53,0.5,193,5,16,1111,1738,688,18,12,8,0,1,1,1
1812,0,1.9,1,6,1,62,0.8,118,7,0,657,1075,2912,9,0,8,0,0,0,2
977,0,1.6,0,6,1,41,0.6,163,5,9,15,561,2010,13,1,12,0,1,1,0
1754,1,2.9,0,13,0,18,0.4,103,1,15,744,868,2692,6,12,11,1,0,0,2
1422,1,0.7,1,1,1,41,0.3,167,3,18,420,1891,3300,16,1,12,1,1,0,3
919,0,2.2,1,9,0,54,0.1,134,3,2,552,593,838,15,10,19,1,0,0,0
656,0,0.6,0,18,0,30,0.6,105,4,11,766,1992,687,18,12,13,1,1,0,0
1049,1,0.9,0,8,0,63,0.3,104,6,2,792,1483,1553,5,9,17,0,0,1,1
1964,1,1.6,1,15,1,28,0.2,115,4,14,1149,1549,606,15,14,5,0,0,1,1
1620,0,1.6,1,18,0,2,0.7,150,6,16,1031,1958,389,10,0,18,0,0,1,0
1520,0,2.2,1,17,0,53,0.7,153,2,17,1495,1644,3393,7,13,18,1,1,1,3
1496,1,2.8,1,8,1,35,0.8,137,6,6,1491,549,894,17,9,6,0,0,1,0
1934,1,2.1,0,15,0,5,0.6,190,5,18,879,1382,1484,11,17,14,0,1,0,1
1450,1,2.9,0,12,1,25,0.9,91,1,6,1885,1263,3625,10,10,4,1,1,0,3
788,1,2.7,1,9,0,22,0.9,80,7,4,851,535,372,15,6,18,0,0,1,0
1777,1,2.0,0,19,1,34,0.8,195,6,7,509,1933,1546,11,14,12,0,1,1,1
695,0,2.6,0,13,0,8,0.7,129,6,20,1425,1812,2073,17,2,2,1,1,1,1
1097,1,2.1,1,11,0,2,0.4,104,6,15,1859,1902,2452,17,1,19,1,1,1,2
1016,0,0.7,0,18,1,42,1.0,159,1,15,1199,599,3521,9,7,18,0,1,0,3
1364,1,2.4,0,6,0,4,0.3,84,3,18,1763,1847,1959,5,7,10,1,0,1,2
1641,0,0.7,0,14,1,45,0.3,162,1,14,965,828,2103,18,10,8,0,1,0,2
1305,1,2.0,1,15,0,52,0.5,147,8,6,1858,1205,2482,7,15,6,1,0,0,2
1682,1,2.3,1,7,1,16,0.2,85,8,4,913,720,2451,7,1,17,1,1,1,1
1314,0,0.7,0,9,0,32,1.0,105,8,10,1390,1066,720,11,4,8,1,0,0,0
727,0,1.1,1,3,0,55,0.6,192,3,9,1511,1495,1231,18,6,14,1,0,1,1
715,1,2.8,1,18,0,17,0.6,182,8,20,17,1521,2872,17,12,14,0,1,0,2
1447,1,2.0,1,18,1,11,0.7,199,7,8,55,609,2281,7,1,16,0,1,0,0
514,1,1.1,0,14,1,55,0.5,134,5,0,918,648,1284,15,2,18,0,1,0,0
1680,1,2.2,0,13,1,30,0.1,118,1,19,1058,905,781,9,8,18,1,1,0,1
1784,1,2.0,1,0,1,60,0.7,88,3,0,901,1198,2583,8,9,20,0,1,0,2
1680,0,1.8,0,15,1,60,0.7,124,5,7,629,1516,2802,8,12,11,1,0,1,3
546,0,2.9,0,9,0,7,0.5,195,5,2,793,1933,1091,17,12,3,0,0,0,0
823,1,2.2,0,18,0,30,0.8,93,3,1,1789,1652,2739,11,4,15,1,0,1,2
1343,0,1.4,0,2,0,18,0.3,191,8,3,1748,607,3119,5,6,4,1,1,1,2
629,0,2.5,0,4,0,54,0.3,134,3,18,1596,888,1495,11,16,8,1,1,0,1
1934,0,2.7,1,8,0,61,0.2,88,2,10,1623,924,2990,12,14,12,0,1,1,3
594,1,0.8,0,17,1,23,0.4,94,5,4,1806,946,3131,7,4,18,0,0,0,2
1126,0,1.0,0,10,0,25,0.9,116,3,9,346,1417,3272,7,6,16,0,1,1,2
1254,1,1.0,0,15,1,62,0.8,129,5,7,1055,1591,1794,8,1,20,0,0,1,2
1815,0,2.2,1,1,0,18,0.4,196,8,12,907,1589,2166,17,17,12,1,0,0,2
1293,1,2.0,1,11,1,22,0.6,163,1,4,1023,1155,3464,10,9,16,1,1,1,2
1806,0,2.0,1,5,1,52,0.7,151,7,11,1156,820,2915,18,0,16,1,0,1,3
568,1,2.9,0,10,1,51,0.3,175,4,12,575,1218,2898,11,13,7,1,0,1,2
510,1,2.4,1,7,0,12,0.3,190,8,7,198,1227,1559,5,15,16,0,0,0,0
1777,0,0.8,1,11,0,57,1.0,100,4,14,1279,1079,387,17,5,10,0,1,1,1
1371,1,1.4,1,1,0,8,0.7,136,6,12,1365,946,648,8,11,6,1,0,1,0
1049,1,1.6,1,8,0,43,1.0,184,3,0,1690,709,736,16,2,20,0,1,0,0
1657,1,1.5,0,14,1,40,0.4,98,3,5,1254,1348,3840,11,6,6,1,1,1,3
1211,1,2.2,1,1,1,6,0.7,172,8,10,300,869,2931,15,2,14,1,0,0,1
522,1,2.7,1,0,1,45,0.3,137,5,12,1016,1981,2290,6,16,19,1,1,1,2
1314,1,1.3,0,9,1,49,0.3,174,8,20,1570,1076,2722,5,14,18,0,0,1,3
845,1,1.9,0,1,0,62,0.6,197,6,19,25,1188,1481,5,10,16,1,1,1,1
801,1,2.5,1,11,1,58,0.4,85,8,0,1558,1289,2955,14,1,15,0,1,0,2
862,0,1.5,0,7,0,22,0.3,83,3,10,1676,1491,2961,18,6,17,1,1,1,2
895,0,0.9,1,4,1,19,0.3,122,8,10,1497,662,717,18,6,5,0,1,0,0
717,1,1.7,0,0,1,36,0.1,172,5,7,1410,1476,2057,10,9,18,0,1,0,1
640,1,0.6,0,14,1,21,0.7,121,3,2,1308,1855,3529,16,11,15,1,1,1,2
1457,0,2.9,1,5,0,16,0.5,82,5,18,449,849,407,9,17,19,1,1,1,0
1733,0,0.7,0,11,0,6,0.2,80,8,11,319,1169,2525,5,5,7,0,0,0,2
1484,0,1.6,1,7,1,14,0.3,187,3,5,155,1991,334,14,7,9,0,0,1,0
1492,1,1.8,0,12,1,52,0.2,134,2,7,470,925,1479,7,4,10,0,0,1,1
1327,0,3.0,1,18,1,13,0.7,94,7,4,419,826,2041,15,2,2,1,1,1,0
1182,1,0.9,0,0,0,63,0.2,126,5,9,1136,1629,2402,11,1,14,1,0,1,2
1983,1,0.8,0,10,0,56,0.8,164,7,15,1925,754,2280,16,5,4,0,1,0,3
1503,0,0.5,0,19,0,22,0.1,125,2,11,650,857,3215,13,6,7,0,1,1,2
855,1,0.9,0,0,1,38,0.3,137,2,16,1445,943,2516,17,7,18,0,1,0,2
1507,1,1.0,0,7,0,7,0.9,174,2,5,885,612,3470,13,3,9,1,1,0,2
1847,1,2.1,1,4,1,8,0.7,150,2,8,929,1553,3005,10,11,7,1,1,0,3
1656,1,1.0,0,16,0,27,0.2,160,1,9,1744,1023,3716,7,11,17,0,1,0,3
1387,0,0.6,1,7,1,43,0.8,199,7,19,834,1188,2092,5,16,2,0,1,0,2
626,0,2.6,1,9,1,49,0.5,162,8,13,875,1490,1653,7,8,11,1,1,0,1
1629,1,1.4,1,1,0,9,0.9,118,6,13,941,545,1331,14,11,19,1,0,0,0
1508,1,1.4,0,8,1,10,0.6,82,8,16,993,1694,3270,6,16,15,0,1,1,3
1103,0,1.3,1,2,1,28,0.7,109,8,15,1621,1653,1903,15,9,6,0,0,1,2
1901,1,2.9,0,17,1,5,1.0,114,7,3,1308,1256,2438,9,10,18,0,0,0,2
1513,0,0.9,1,6,0,22,0.3,136,8,1,571,1876,666,12,12,15,1,1,1,0
550,1,2.7,1,14,1,32,0.7,108,4,15,53,1726,2264,9,3,19,0,0,1,1
1552,1,2.4,1,19,0,22,0.5,129,1,0,604,1749,1749,5,14,5,0,1,1,1
1985,0,0.7,1,17,0,41,0.1,141,8,2,324,1603,1391,7,11,3,0,0,1,1
1819,0,3.0,1,2,1,26,0.1,131,3,10,969,1833,1804,16,9,8,1,1,0,2
1820,0,1.2,0,13,0,40,0.2,197,8,15,1481,1558,1040,9,6,8,1,0,1,2
1278,0,0.7,1,1,1,16,0.7,93,3,17,884,1063,1323,11,1,8,1,1,0,1
1930,1,2.6,1,13,0,54,0.6,114,6,14,264,660,1676,9,6,14,0,0,1,2
1313,0,2.3,0,10,1,36,0.6,107,4,8,381,1339,2265,18,7,20,1,1,1,1
1928,1,2.0,0,15,0,50,0.1,137,4,11,1236,1958,1864,14,5,7,1,1,0,3
1869,0,0.9,0,7,1,44,0.5,109,4,17,332,1037,2564,9,7,18,1,0,0,3
919,0,1.7,1,6,1,42,0.9,169,2,4,1033,724,998,11,3,19,1,0,0,0
1705,1,2.5,1,10,1,38,0.5,86,1,7,1381,1969,2848,17,8,2,1,0,1,3
1482,0,1.3,1,2,1,58,0.7,118,8,2,202,1840,2691,12,4,14,0,0,1,2
1324,0,1.3,1,16,0,43,0.8,174,3,1,1731,1937,3803,18,5,20,0,1,1,3
1524,0,0.5,1,13,0,48,0.8,148,1,18,57,594,3737,12,11,17,0,0,0,3
1066,0,0.9,1,5,1,29,0.6,114,1,7,1517,1748,3907,11,4,11,0,0,0,3
870,1,2.7,0,7,0,62,0.9,193,1,1,1533,1448,2319,17,4,14,0,1,0,2
1435,1,1.6,0,4,1,15,0.5,190,4,18,1791,1052,2276,18,17,11,1,1,0,2
1160,0,3.0,1,7,1,5,0.9,131,6,0,1246,1144,917,7,5,15,1,1,0,0
1954,0,1.5,1,1,0,54,0.3,93,6,12,1392,565,2083,15,8,10,0,0,1,2
1468,0,2.3,1,14,0,21,0.4,142,4,19,1715,1920,2405,6,10,12,1,0,0,3
1832,1,1.2,1,11,1,35,0.1,115,3,16,1441,1733,3513,5,13,4,0,0,0,3
1660,1,1.4,1,16,0,13,0.8,170,3,2,1897,1997,1206,10,1,9,0,0,1,1
701,1,1.0,0,0,1,34,0.5,103,3,8,546,1164,3234,17,13,13,1,1,0,2
1959,1,1.4,0,14,0,25,0.3,119,8,4,870,1183,280,13,9,4,0,0,0,0
812,0,1.9,1,13,0,21,0.3,108,6,5,102,1409,3399,7,4,8,1,0,0,1
616,0,3.0,0,19,0,6,0.9,132,8,3,1184,1336,1872,9,3,15,0,1,0,0
1436,0,2.2,1,15,0,39,0.9,188,6,16,1223,1070,3900,13,6,8,1,1,1,3
1074,1,1.0,1,8,0,31,0.6,101,1,20,1183,1195,273,18,12,8,1,1,0,0
743,0,0.6,1,0,1,25,0.7,151,4,20,1718,679,825,18,9,15,1,0,1,0
1036,1,0.8,0,16,0,44,0.5,94,2,20,864,1333,1272,13,9,13,1,0,0,1
574,1,1.9,0,12,0,41,0.5,192,1,15,1159,1982,1611,11,3,2,1,1,1,1
885,0,2.4,1,4,1,8,0.9,148,5,15,397,1591,1848,18,15,6,1,0,1,0
1733,0,2.9,0,9,1,37,0.2,195,8,10,1761,1852,3424,8,14,12,0,0,0,3
974,0,0.5,0,5,1,39,0.5,143,6,1,391,701,1086,15,10,2,0,1,1,0
917,1,1.8,1,18,0,17,0.4,83,1,16,1778,1538,1291,6,2,14,1,1,1,1
846,1,1.7,0,12,0,53,0.5,154,4,14,105,1565,3338,6,14,18,1,1,1,2
1139,0,2.1,0,0,1,16,0.5,97,5,17,1606,1042,2188,8,15,4,0,0,0,2
1438,0,1.9,1,19,1,47,0.6,121,7,9,1612,1481,2466,5,13,11,0,0,1,3
1454,1,2.2,1,14,1,24,0.2,192,8,5,1077,1273,1562,18,4,20,0,0,1,1
1375,0,2.1,0,13,1,13,0.6,109,1,20,1300,1812,2008,8,16,8,0,1,1,2
1262,1,0.8,1,7,0,30,0.3,94,4,15,110,1193,1127,16,17,4,0,0,0,0
1702,1,2.5,0,9,0,45,0.3,149,4,4,223,1767,1090,18,0,13,1,0,0,1
1705,0,0.8,1,8,0,49,0.2,134,6,11,74,1111,3568,15,8,11,0,1,1,3
1163,0,2.2,1,16,0,16,0.8,132,2,5,505,1697,1112,10,13,13,0,0,1,0
524,0,1.5,1,8,0,30,0.5,95,1,13,1037,743,3372,10,10,16,0,0,0,2
1703,0,1.8,1,2,1,46,0.7,190,4,15,769,559,1225,11,1,7,1,1,1,1
1209,1,2.8,0,10,0,44,0.8,183,8,6,481,603,848,9,4,20,0,1,0,0
1684,1,2.7,1,11,1,63,0.7,152,3,1,1212,1150,510,13,14,6,0,1,1,0
676,1,2.5,1,9,1,50,0.5,186,4,5,363,1826,2370,6,11,3,1,1,1,1
784,0,1.8,1,16,1,22,0.4,113,2,8,238,1510,3221,6,13,20,1,1,0,2
562,1,2.3,0,16,0,16,0.4,106,4,6,1424,576,2917,8,10,20,0,0,0,1
1502,0,1.8,0,10,1,15,0.7,92,6,1,845,1541,3277,8,8,5,1,1,1,2
1161,0,2.7,1,3,0,43,0.5,179,7,18,984,1707,858,8,7,6,0,1,0,1
1165,0,1.5,1,6,1,45,0.9,106,1,7,1327,1804,1321,5,11,8,0,1,1,1
655,0,2.9,1,13,0,17,0.9,152,6,10,1114,1811,2067,8,2,5,1,0,1,1
1992,0,2.8,1,6,1,16,0.3,148,1,3,391,1197,2095,16,14,12,0,0,0,1
1572,0,2.4,1,7,0,43,0.2,194,5,15,1207,1997,2065,9,7,4,1,1,1,3
1466,1,1.2,1,0,1,64,0.7,165,1,17,1040,1445,2687,13,6,6,1,0,1,3
1348,0,0.8,0,3,1,5,0.4,110,5,12,964,766,3916,7,16,16,1,0,0,3
1607,1,2.6,1,11,1,28,0.1,82,6,4,11,1280,1513,7,11,19,1,0,1,0
1884,1,0.9,1,2,1,24,0.9,109,3,1,1189,1108,1221,18,17,17,0,1,1,1
1188,0,2.6,1,12,0,30,0.3,100,8,10,145,1445,1993,9,17,17,0,0,1,1
647,0,1.7,1,19,0,42,0.9,178,2,0,1305,1880,740,14,14,11,0,0,1,0
841,0,1.5,1,5,0,54,0.7,85,3,12,1572,1524,294,10,2,2,1,1,0,0
975,1,2.8,1,10,1,53,0.8,171,8,4,1605,1550,266,7,14,12,0,1,1,0
1586,0,2.0,0,3,1,64,0.3,111,5,17,168,1047,879,5,15,18,1,0,1,1
1883,1,1.9,0,19,1,10,0.3,121,4,13,846,659,664,14,16,16,0,1,1,0
1060,0,1.9,0,15,1,54,0.6,180,4,12,169,1436,2411,12,0,8,1,1,1,2
826,0,1.4,0,6,1,58,0.3,141,3,6,764,898,2283,16,10,7,0,1,0,1
1664,1,2.5,0,10,1,57,0.4,168,4,7,1369,1042,1373,5,5,16,0,1,0,1
1489,1,1.1,0,0,0,53,0.4,111,5,17,498,626,2387,6,8,16,1,0,0,2
714,0,2.8,1,6,0,44,0.2,178,6,6,1483,1508,2361,7,15,8,0,1,1,1
934,1,2.7,1,11,0,44,0.3,165,2,19,1320,1447,3620,10,5,4,1,1,1,3
1451,1,1.3,1,6,0,8,0.8,167,7,16,1165,709,3343,8,11,15,1,0,0,3
1222,1,2.3,1,6,0,54,0.3,118,1,15,896,649,3294,8,12,10,0,1,0,3
1841,1,1.9,1,9,0,43,0.1,143,5,10,1808,530,3804,13,12,4,0,0,1,3
531,1,1.3,1,15,0,5,0.7,197,8,18,1760,1111,3141,10,3,7,0,1,0,2
1169,0,3.0,0,7,0,6,1.0,109,7,0,1718,801,860,16,8,10,1,0,1,0
784,0,0.6,1,8,1,6,0.4,142,5,20,1756,1462,1224,6,13,2,1,1,1,1
1828,1,1.1,0,8,1,12,0.2,193,1,7,1076,1364,420,11,13,10,1,1,1,0
928,0,1.8,0,1,1,64,0.6,175,1,0,117,1264,692,17,16,13,1,0,1,0
785,0,1.8,1,12,1,42,0.9,110,2,8,364,1182,3030,7,4,5,1,0,1,2
1667,1,2.0,1,12,1,29,0.8,166,2,18,1694,756,1935,13,1,17,1,0,1,2
1947,0,2.4,1,3,1,17,0.7,119,2,20,135,1439,2065,10,12,6,1,0,1,2
1542,1,2.1,1,11,1,42,0.4,112,4,8,1437,1580,2706,12,10,18,1,0,1,3
517,1,2.0,1,16,0,55,0.6,142,8,20,1100,508,1665,17,1,18,1,1,0,1
1268,0,0.6,1,1,0,31,0.2,104,8,9,1871,1528,2233,17,0,7,0,0,0,2
1089,1,1.4,1,12,1,5,0.7,115,5,10,556,1346,1417,5,2,16,1,1,0,0
1894,1,1.1,0,17,0,64,0.8,103,6,0,17,1637,3019,6,11,2,1,0,0,3
1698,1,1.2,1,14,0,3,1.0,174,1,19,1890,1276,1069,10,6,14,0,0,1,1
1509,1,1.9,1,7,0,47,0.3,137,5,7,402,1184,3025,7,0,17,0,1,0,2
693,1,1.0,0,14,0,4,0.1,118,7,19,204,1231,2834,5,8,3,1,1,0,1
1001,0,1.2,1,0,0,51,0.6,125,5,11,498,1728,2085,10,17,20,0,1,1,1
1487,0,1.1,1,19,1,22,0.7,156,8,0,323,523,548,9,5,3,0,1,0,0
1636,1,2.9,0,9,0,7,0.8,89,2,9,594,992,1754,17,8,13,1,0,0,1
613,1,2.9,1,11,1,44,0.3,166,2,3,561,1469,3326,13,7,13,1,1,0,2
1745,0,2.0,1,4,1,54,0.3,161,5,14,1304,1929,717,10,17,9,0,0,0,2
1446,1,2.8,1,8,1,19,0.6,111,8,18,1189,602,3700,9,14,13,1,0,1,3
1330,0,2.5,1,7,0,45,0.4,176,8,5,1266,1583,3489,5,0,12,0,0,0,3
1787,1,2.0,1,15,1,6,0.9,115,8,4,1912,1609,2945,5,13,3,1,1,0,3
1424,1,0.5,1,13,1,10,0.5,107,2,4,478,1266,2347,15,17,2,1,1,0,1
554,1,2.4,0,12,1,21,0.8,95,8,17,163,1522,1362,5,9,5,0,1,0,0
1299,1,2.3,1,12,1,29,0.6,95,4,2,323,871,3195,11,5,10,0,1,1,2
1277,1,2.0,1,4,0,27,0.8,97,1,1,1591,1178,2939,10,16,8,0,1,1,2
1981,1,2.4,0,15,1,19,0.4,87,7,3,550,1095,2842,18,13,11,0,1,0,2
661,1,1.8,0,10,1,20,0.8,185,8,17,830,701,3165,9,12,15,0,0,1,2
1903,0,2.3,1,4,1,4,0.3,159,5,8,639,588,2822,8,7,2,1,1,1,2
586,0,2.8,0,12,1,10,0.6,198,1,18,1926,936,1690,15,9,6,1,0,1,1
554,0,1.4,1,10,0,37,0.3,199,4,9,633,619,3668,18,8,14,0,0,1,2
1999,1,2.3,1,18,1,32,0.5,154,7,14,758,655,966,17,4,7,0,1,0,1
1701,1,1.7,0,2,1,50,0.4,149,2,0,1721,898,1903,17,3,18,0,1,1,2
1914,1,2.2,1,14,1,18,0.3,80,3,10,207,687,344,15,5,16,1,1,0,0
1872,1,2.4,1,6,1,64,1.0,141,4,13,314,1575,1919,12,5,8,1,1,0,2
1531,1,0.6,0,6,1,56,0.2,155,3,9,303,1151,3557,15,12,9,0,0,0,3
1332,1,2.1,0,5,1,24,0.8,117,1,18,900,1086,1297,12,3,3,1,1,0,1
812,1,1.1,0,2,0,35,1.0,171,5,20,238,729,2976,9,7,19,1,1,0,2
1258,0,2.2,0,12,1,42,0.1,124,7,15,1750,1653,3167,8,4,8,0,0,0,3
942,1,1.7,1,6,0,42,0.7,137,2,7,803,554,3193,6,1,17,0,0,0,2
827,0,2.4,0,4,0,6,0.3,160,7,1,1247,770,3608,11,8,20,1,1,0,1
1577,0,0.8,0,17,1,16,0.1,80,4,6,1111,1623,2189,9,10,10,1,0,0,2
1260,1,2.1,0,7,0,48,0.5,111,2,18,1560,1592,677,7,10,13,1,1,0,1
1762,1,1.2,0,16,1,4,0.9,87,3,6,1452,1822,1131,13,6,15,1,1,1,1
1752,0,2.6,0,19,0,20,0.1,197,3,14,1243,1469,3005,13,13,8,1,0,1,3
1078,0,2.8,1,0,1,29,0.6,119,6,7,274,1877,593,15,5,3,0,0,1,0
1574,1,3.0,0,13,0,4,0.6,135,7,13,1670,1675,521,15,3,18,1,1,0,0
1506,1,2.5,1,16,0,39,0.9,142,8,0,953,829,3106,14,5,12,0,1,0,2
1787,0,2.4,0,9,1,5,0.2,186,5,12,1768,615,1634,18,2,19,0,1,0,1
1941,1,1.0,0,11,0,25,0.7,189,8,2,1089,822,2663,15,5,13,1,0,0,2
595,1,1.3,0,15,0,32,0.7,167,3,20,1615,1062,3317,12,2,4,0,0,0,3
1611,1,1.7,0,13,0,46,0.7,153,5,5,1446,728,2070,5,0,15,1,1,1,2
1601,0,2.4,0,15,0,60,0.9,190,6,18,254,859,2520,16,17,16,0,1,1,2
1811,0,2.8,0,7,0,46,0.8,182,4,14,124,1528,576,7,3,20,1,0,0,1
1643,0,1.0,0,9,1,60,0.1,182,6,3,1169,527,1105,6,5,11,0,1,0,1
1313,1,2.8,0,16,0,12,0.5,153,5,20,614,1887,974,8,16,10,1,0,1,1
990,1,2.2,1,17,0,38,0.5,115,3,2,384,1985,3992,6,17,11,1,1,1,3
951,0,2.0,0,19,1,2,0.4,168,1,3,446,1754,1247,16,5,5,0,0,1,0
664,0,1.0,1,15,1,10,0.5,193,5,4,386,1918,3539,15,1,20,0,1,0,2
681,0,0.6,0,16,1,18,0.4,136,2,17,382,1368,2064,12,11,11,0,1,0,1
968,1,1.9,1,15,0,55,0.5,153,8,9,1300,1794,3256,5,11,18,1,1,0,3
1409,0,2.1,0,18,0,2,1.0,162,1,7,1405,1827,3530,8,3,13,0,0,0,3
1234,0,1.0,0,7,0,4,0.2,189,7,11,123,1906,972,9,15,2,0,1,1,0
1322,1,1.9,0,5,0,48,0.9,124,5,2,1949,527,1240,18,9,12,1,1,1,1
1443,1,2.6,1,5,1,27,0.5,158,2,17,1290,1243,2195,14,9,14,1,1,0,2
506,1,2.6,1,8,1,54,0.7,159,8,7,1813,1722,1151,8,6,2,0,1,1,1
829,0,2.8,1,3,0,32,0.8,81,7,0,1134,1605,1432,12,13,2,0,1,0,0
1274,1,1.4,1,11,0,27,0.4,172,6,13,1404,1611,3756,6,6,17,1,1,1,3
650,1,1.3,0,11,0,24,0.5,147,1,12,1848,1913,2032,13,11,8,1,0,0,1
1608,0,2.4,0,16,0,31,0.5,196,5,11,1624,1079,2590,6,10,11,1,0,1,2
646,1,1.6,0,14,1,11,0.4,129,4,2,1922,950,3060,6,16,17,0,1,1,1
1904,0,0.7,1,8,1,9,0.9,108,6,17,1181,932,3648,17,10,2,0,1,1,3
1414,0,1.2,0,6,0,45,0.8,174,2,20,727,873,1715,6,2,10,1,0,0,2
1808,1,1.5,1,9,1,26,0.2,160,4,12,895,934,1871,16,3,7,1,0,1,2
1199,1,1.2,1,15,0,23,0.2,89,3,14,1836,1710,2799,14,7,16,1,1,0,3
581,1,1.3,1,11,0,16,0.5,106,6,9,1571,1913,3931,12,13,5,0,0,0,3
1013,1,1.2,1,6,1,60,0.2,196,8,0,1622,717,1428,7,13,16,0,1,1,0
1314,1,0.6,1,17,0,42,0.7,184,6,5,1141,1631,797,14,15,11,0,1,0,0
1208,1,2.1,0,14,1,57,0.2,94,8,8,327,1447,890,15,14,17,0,0,0,0
1245,0,2.0,1,5,0,58,0.6,139,5,9,693,848,3809,18,11,14,1,1,0,3
1522,0,2.1,1,11,1,11,0.1,187,5,14,1091,1287,1605,14,15,20,1,1,0,1
1909,1,1.0,0,10,0,21,0.4,110,2,8,1457,525,3242,18,4,5,0,1,1,3
1206,0,1.2,1,19,1,42,0.7,100,6,13,358,1571,3356,12,11,17,1,1,0,3
970,1,2.0,1,2,0,48,0.5,139,5,10,1002,1358,3586,11,4,12,1,0,1,3
1642,0,2.0,0,1,0,24,1.0,137,3,6,1694,869,953,14,9,16,0,0,0,0
895,0,1.8,0,5,1,54,0.9,120,8,1,796,1537,2208,8,16,12,1,0,0,1
760,0,1.4,0,4,0,54,0.4,125,7,13,442,1710,2378,11,14,12,0,1,0,2
1304,1,2.8,1,17,1,2,0.1,124,7,5,163,1383,3884,15,7,4,0,0,0,2
1433,0,1.3,0,15,1,3,0.9,105,7,4,972,778,1860,12,7,18,0,0,0,0
1779,1,1.6,0,7,0,59,0.9,181,5,4,360,840,753,10,7,6,1,0,0,0
1404,0,2.2,0,19,0,20,0.8,130,6,18,584,1851,3743,10,9,14,0,1,0,3
1749,0,1.9,1,10,0,63,0.2,115,7,18,1142,1106,977,7,12,11,1,1,0,2
1576,0,1.4,0,9,0,15,1.0,131,1,5,852,1548,2030,9,15,6,1,1,0,1
1439,0,1.6,1,11,1,9,0.3,160,4,9,1010,1028,1619,14,8,13,0,1,1,1
1353,0,2.5,1,5,0,39,0.8,130,6,13,1218,925,563,6,15,9,0,1,1,0
1887,1,1.2,0,19,0,13,0.9,82,8,16,1624,528,3007,16,9,13,0,0,0,3
1803,1,0.9,1,4,0,27,0.3,93,3,2,1880,1455,1139,9,2,17,0,0,0,1
1092,0,1.3,1,8,1,28,0.9,128,6,0,1611,822,3942,9,13,3,0,0,0,3
1213,0,2.6,0,15,0,30,0.4,156,3,9,1756,812,1520,11,12,4,1,1,1,1
1681,0,0.7,1,13,1,16,1.0,184,6,2,1674,1083,508,8,3,19,1,0,1,0
1131,0,3.0,0,7,0,47,0.4,170,7,4,1023,1793,1191,18,3,18,1,0,1,1
558,1,1.9,1,19,1,54,1.0,80,4,18,1907,1261,1499,15,5,3,0,1,0,1
627,0,3.0,1,18,0,62,0.1,136,4,9,1930,794,2700,10,10,13,0,1,0,2
1235,1,2.8,0,13,0,2,0.7,96,3,15,240,1155,3289,13,7,18,1,1,1,2
1220,0,1.6,0,6,1,61,0.6,191,6,0,1532,1285,3663,8,13,7,0,1,0,3
1638,1,1.0,1,4,0,44,0.5,129,4,5,665,722,2008,15,7,18,1,0,0,1
1732,0,0.9,1,17,0,29,0.3,177,2,8,564,574,1993,18,13,3,1,1,1,1
1025,0,1.1,0,1,0,58,0.7,93,6,4,1165,601,1308,10,6,9,1,1,0,0
1020,1,2.3,1,10,1,4,0.3,197,4,13,831,1384,749,17,17,15,0,1,1,0
1051,0,1.2,1,7,0,52,0.6,198,1,9,975,672,1214,16,11,7,0,0,1,0
736,0,1.4,1,0,1,19,0.3,138,1,1,1929,1527,2277,13,13,10,1,0,0,1
1804,0,1.6,1,11,1,53,1.0,160,2,4,30,894,2003,14,14,2,0,0,1,1
1882,1,2.8,0,1,1,61,0.1,82,4,0,222,1332,3829,16,17,6,0,0,0,3
1724,0,1.0,0,17,0,35,0.3,177,1,9,1827,1503,1433,5,11,8,0,0,1,2
1801,0,0.5,0,6,1,33,0.3,119,7,8,265,666,1247,12,9,10,1,1,0,0
1758,1,0.7,0,16,1,30,0.5,168,6,2,1305,799,3558,5,11,15,1,1,0,3
993,1,2.8,0,13,0,26,0.3,145,5,14,787,617,2405,8,7,10,1,1,0,1
503,1,2.1,0,6,1,61,0.5,113,4,3,380,1011,3130,7,5,5,1,0,0,1
1165,0,1.2,1,2,1,27,0.9,169,8,12,555,1111,2480,8,0,16,1,1,1,1
941,0,0.9,0,5,0,40,0.7,174,2,5,61,1698,3287,18,12,5,0,0,1,2
528,0,1.2,1,19,0,9,0.6,88,4,19,712,658,1182,11,15,4,1,0,0,0
1632,1,0.8,1,1,1,20,0.2,173,3,16,846,1907,2535,17,17,15,0,1,0,3
1109,0,2.9,1,16,0,55,0.7,163,3,4,520,1750,2315,18,11,10,1,1,0,2
1304,0,2.5,0,11,0,48,0.2,100,1,14,1094,1561,1465,13,4,20,0,1,1,1
574,1,1.7,1,11,0,43,0.8,172,8,7,601,962,3064,13,12,7,0,1,1,1
1337,1,2.7,0,16,1,23,0.3,104,3,4,1559,1954,1187,14,7,4,1,0,0,1
1669,1,1.1,1,9,1,30,0.5,181,2,12,139,603,2569,5,5,19,0,0,1,2
627,1,2.3,1,2,0,34,0.4,123,8,0,1339,1481,2181,14,2,17,0,0,0,1
541,1,2.6,0,19,1,39,0.9,104,1,0,1363,1716,1414,5,3,4,0,1,1,0
1879,0,1.4,1,17,0,46,0.2,88,2,6,1911,749,1012,13,11,3,0,0,0,1
540,1,2.4,1,12,0,47,0.6,182,6,4,589,1536,1310,8,12,3,0,1,0,0
1433,0,1.2,1,11,0,36,0.2,141,2,13,1749,1066,711,16,1,11,0,0,0,1
533,0,1.2,1,16,0,44,0.7,187,3,14,527,1096,514,17,3,16,1,1,1,0
1540,1,0.8,0,3,0,4,0.9,105,6,20,540,1120,3431,18,12,4,0,0,0,3
1676,1,1.6,1,9,1,20,0.5,136,3,16,1439,1054,686,7,7,9,1,1,1,1
1497,1,2.3,1,10,1,11,0.5,116,2,17,1490,1911,3709,17,7,19,0,1,1,3
1901,0,2.9,0,5,1,28,0.9,95,3,6,374,570,2772,13,15,12,0,0,0,2
1087,1,2.0,1,5,1,16,0.6,116,8,17,290,1455,3840,9,10,8,0,1,0,3
841,1,2.7,1,8,0,12,0.5,155,3,18,42,1472,2220,16,17,20,0,0,0,1
526,1,2.6,1,14,0,48,0.6,103,3,19,1887,937,2229,10,3,8,0,1,1,2
1810,1,0.9,1,1,1,27,0.7,105,4,6,1910,1567,3534,5,0,3,0,0,1,3
1145,1,1.7,0,3,1,60,0.2,99,6,7,1076,1795,902,5,0,7,0,1,1,1
1230,0,0.8,1,4,0,25,0.8,88,8,12,1811,1537,702,17,13,6,0,0,1,0
667,0,2.2,0,16,0,14,0.5,166,6,17,1906,1894,3086,18,3,15,1,0,1,3
1109,0,2.9,1,7,0,33,0.2,182,7,10,1255,1635,1368,11,10,19,1,0,1,1
767,1,0.8,1,7,1,38,0.8,108,6,8,1235,1902,450,14,17,5,1,0,1,0
1320,1,2.3,1,11,0,5,0.4,110,7,0,7,813,1693,12,15,5,1,1,0,0
954,1,2.1,0,7,0,14,0.2,98,2,7,1657,1938,1401,15,16,14,0,1,0,1
1405,0,2.0,1,18,1,10,0.7,99,7,20,482,984,2765,12,1,2,0,0,0,2
1924,1,1.5,1,2,1,58,0.9,166,7,11,41,668,1395,18,3,6,0,0,1,1
1421,1,1.4,0,17,1,50,0.9,186,5,1,332,1387,451,17,2,4,1,1,0,0
1480,1,0.6,0,18,0,35,1.0,106,2,14,1256,1302,2339,11,14,20,1,0,1,2
1999,0,1.0,0,18,0,57,0.9,173,6,20,1093,745,2370,17,1,14,1,0,1,3
1201,1,0.5,0,14,1,38,0.1,164,1,17,1902,765,900,15,8,8,0,0,1,1
1133,0,2.0,1,5,0,49,0.4,123,3,16,1039,1348,3608,13,9,11,0,1,1,3
629,1,0.8,1,15,0,8,0.8,114,3,14,68,742,3806,5,4,4,1,0,0,2
1519,0,2.7,1,7,0,2,0.4,192,5,19,52,1823,1290,6,13,3,0,1,1,1
1886,0,1.8,1,15,1,61,0.6,150,1,19,684,1850,2009,17,9,8,0,1,0,3
1318,0,2.2,0,17,1,59,0.6,101,4,8,993,1029,577,7,15,10,0,1,1,0
1192,1,1.5,1,19,0,13,0.4,153,7,2,1797,1346,1947,17,5,13,1,0,0,1
1815,1,1.9,1,15,0,22,0.9,166,8,19,1402,1503,2543,16,7,11,0,0,1,3
1894,0,2.9,1,10,0,12,0.6,94,2,18,1824,841,1272,17,1,20,1,0,1,2
1293,0,0.7,1,6,0,45,0.5,173,4,17,1486,1772,3387,9,17,14,1,1,0,3
528,1,1.1,0,16,1,52,1.0,177,1,19,526,1259,905,8,7,11,0,0,0,0
648,1,2.4,1,16,1,59,0.5,92,5,7,1805,1903,2865,8,4,6,0,0,0,3
1819,0,0.7,1,11,0,45,0.3,83,1,0,1702,1297,1958,12,16,16,0,1,1,2
510,1,0.7,1,12,0,45,0.6,161,5,14,62,1031,2468,12,15,4,1,1,1,1
1175,1,1.4,0,9,1,15,0.8,135,4,18,260,1363,1086,15,4,9,1,1,1,0
1636,1,0.7,0,6,0,35,0.8,102,4,9,1523,1904,444,11,16,7,0,0,0,1
686,1,2.0,1,13,1,35,0.8,176,8,11,1144,541,1766,5,3,20,0,0,0,0
1306,0,1.1,1,0,0,26,0.7,177,1,5,857,1868,347,14,0,18,1,0,0,0
1243,1,2.7,1,16,1,62,0.3,113,1,12,1263,1098,2167,8,5,11,1,1,1,2
1750,1,2.5,0,3,0,5,0.9,179,7,3,1488,1784,2592,5,0,2,1,0,1,2
1833,0,2.2,1,4,0,53,0.9,178,3,12,1130,805,3836,15,3,14,1,1,0,3
597,0,2.0,1,19,1,56,0.3,96,5,16,179,1308,3402,18,1,11,1,0,1,2
554,1,2.7,1,6,1,27,0.2,107,3,0,1039,1361,1836,9,12,13,0,0,1,0
1122,1,1.1,0,9,0,17,1.0,93,2,4,354,1763,3755,7,13,3,1,0,1,2
1163,1,2.7,1,16,0,11,0.9,113,2,16,933,1178,1664,7,16,11,1,0,0,1
1257,1,2.5,1,6,1,46,0.9,191,1,17,1332,1836,3380,8,10,2,0,0,0,3
905,0,2.4,0,0,1,3,0.9,154,4,6,726,1230,430,6,2,2,1,1,0,0
568,0,1.9,0,6,0,36,0.6,136,2,15,588,940,1952,11,6,16,1,1,1,0
1835,0,1.1,1,10,0,20,0.7,156,2,7,1760,1432,3906,16,9,2,0,0,0,3
1812,1,1.6,0,8,1,7,0.6,176,8,11,604,1402,729,17,10,10,1,0,0,0
1250,1,2.5,1,11,1,20,0.1,134,3,13,180,632,2190,8,9,8,0,1,1,1
1671,1,0.6,0,2,1,60,0.8,145,8,18,173,1218,3688,9,7,17,1,0,1,3
1990,1,2.5,0,3,1,54,0.6,177,3,10,353,550,525,16,4,17,1,1,1,0
1767,0,1.1,1,3,1,53,0.7,196,7,11,353,1117,2300,18,1,14,0,0,1,2
1457,0,0.9,1,12,0,52,0.6,172,8,12,1242,891,2710,6,14,11,1,0,0,3
864,1,0.8,1,18,0,9,0.5,116,7,7,1678,1195,3451,10,15,19,1,1,1,2
981,0,0.6,0,9,1,15,0.3,147,2,0,1338,1022,949,13,3,10,0,1,1,0
700,1,1.8,1,4,0,11,0.4,155,1,8,433,1007,631,12,15,13,1,0,1,0
653,1,1.0,1,6,0,4,0.2,105,3,1,904,853,1671,12,11,14,1,1,1,0
1973,0,3.0,1,15,1,39,0.3,140,2,13,281,1366,2485,6,13,12,1,1,1,2
572,1,1.9,1,0,0,30,1.0,171,4,12,258,1472,2339,8,11,16,1,0,1,1
1212,1,0.8,1,11,0,16,0.2,146,3,15,867,1918,1491,12,15,11,1,0,0,1
795,0,2.2,0,1,0,24,0.3,163,2,1,558,1455,2227,15,15,11,0,0,0,0
1540,1,2.7,1,6,1,24,0.6,153,7,3,4,595,389,5,11,10,1,0,0,0
1740,1,2.4,1,10,1,19,0.6,131,8,11,1597,605,3168,12,1,4,1,1,0,3
560,0,0.7,0,12,0,47,0.2,97,5,15,595,1177,1179,7,13,17,0,0,1,0
1438,1,2.7,1,1,0,20,0.8,132,3,9,1668,1012,945,12,10,13,0,0,1,0
541,0,2.5,1,6,0,29,0.8,142,5,2,393,1765,1957,10,8,18,0,1,1,0
524,1,0.9,1,14,0,27,0.3,132,3,3,335,1355,2285,11,6,16,0,1,0,0
1562,0,0.6,1,10,0,11,0.4,196,3,5,62,1289,2794,6,11,4,1,0,1,1
630,0,1.9,1,1,0,48,0.9,106,8,4,1816,1014,2128,5,16,6,1,0,1,1
1752,0,0.9,0,6,1,5,0.8,110,7,17,43,1397,1096,10,8,14,1,1,1,0
607,1,2.6,0,3,0,56,0.7,170,6,2,152,1584,1243,16,5,7,1,0,1,0
671,0,1.4,0,10,0,3,0.2,185,6,9,1949,1939,1717,7,11,10,1,1,0,1
1958,0,2.8,1,1,1,4,0.5,80,5,10,1805,1507,1094,8,9,20,1,1,1,1
601,0,1.9,0,15,0,8,0.6,85,1,18,853,1817,3373,17,8,8,1,1,1,2
1365,0,1.0,1,6,0,56,0.3,90,2,13,1706,1236,2971,13,11,14,0,0,1,3
1023,0,0.8,1,12,0,17,0.5,113,1,20,1179,801,3728,7,0,6,1,0,0,3
774,1,1.9,1,4,0,32,0.6,182,1,10,1501,1693,3815,6,1,17,0,1,1,3
1567,1,2.4,0,16,1,11,0.4,163,6,20,274,1145,3323,6,0,5,0,0,1,3
1316,1,2.5,0,11,0,20,0.8,142,2,3,1381,1564,2735,6,15,6,0,1,1,2
1456,1,1.2,0,18,1,29,0.9,132,6,5,425,730,1707,10,15,20,1,0,1,0
1540,1,1.0,1,6,0,18,0.4,164,8,16,1555,1932,1003,6,17,7,1,0,1,1
829,1,0.5,0,5,0,29,0.9,164,8,18,482,1237,3131,15,17,5,0,1,1,2
511,1,2.2,1,7,1,20,0.2,97,6,12,213,1496,3899,11,12,2,1,0,1,2
1841,0,0.7,0,12,0,38,0.9,100,7,9,78,796,2820,11,11,18,1,0,0,2
715,1,1.6,0,4,1,24,0.2,98,6,10,138,954,2765,11,8,10,0,0,0,1
838,0,2.0,1,1,1,21,0.2,83,4,5,949,1580,1221,18,4,17,0,1,1,0
1160,0,2.8,1,8,1,14,0.7,156,1,1,97,1441,2182,17,8,3,1,0,1,0
1604,1,1.3,0,10,0,14,0.5,161,7,0,1912,739,2294,6,12,12,0,1,0,1
873,0,1.1,0,5,0,44,0.9,195,7,10,663,1699,2484,11,15,6,0,0,0,2
1475,0,2.1,0,6,0,12,0.4,108,1,15,197,1586,400,14,9,14,0,0,0,0
1209,0,2.0,1,6,0,49,0.4,104,7,2,784,1050,2106,12,15,18,1,0,0,1
1723,0,1.3,1,18,1,16,0.6,135,1,4,155,637,3592,12,13,16,1,1,1,2
965,1,2.8,0,5,0,18,0.5,156,4,14,1073,953,990,18,1,13,0,1,1,0
1612,1,2.6,0,10,0,55,0.4,142,3,14,478,1972,2709,6,10,7,0,1,1,3
1791,1,1.1,1,10,1,51,0.7,106,7,3,227,1749,3116,9,10,14,1,0,1,3
988,1,1.1,0,6,1,29,0.8,139,5,3,1480,942,3272,18,13,19,1,0,1,2
546,1,1.8,1,1,0,20,0.9,162,5,7,521,1729,3258,10,14,16,1,0,0,2
1811,1,2.4,1,18,1,5,1.0,128,4,6,148,526,2787,13,6,16,1,1,0,1
1277,1,0.6,1,3,1,23,0.3,144,1,16,1081,956,2785,10,14,9,1,0,0,2
1539,1,2.2,1,5,1,23,0.7,117,5,14,161,1194,3564,14,7,20,1,0,0,3
1210,1,2.1,1,16,1,56,0.5,162,4,4,862,1209,3852,10,3,15,0,1,0,3
900,1,1.1,1,4,1,38,0.7,131,6,12,1500,1348,2642,14,17,8,0,0,1,2
1480,0,2.2,0,6,0,40,0.5,80,2,3,1130,1448,2571,14,13,15,0,1,0,2
1609,1,2.9,1,8,0,35,1.0,119,5,16,1450,606,2569,10,17,6,1,0,0,2
749,0,0.6,1,0,0,34,0.8,160,8,16,394,943,783,13,3,16,0,0,1,0
890,0,1.3,0,0,0,45,1.0,100,2,13,800,535,3419,14,1,16,0,0,1,2
834,0,1.6,1,18,0,43,0.9,165,8,13,185,1096,3575,11,5,5,0,0,1,2
1128,0,2.7,0,5,0,41,0.9,94,1,16,557,654,3346,5,10,2,0,0,1,2
636,1,2.9,1,17,0,34,0.8,129,5,7,445,1692,3175,5,0,18,0,1,1,2
1382,0,1.6,0,9,1,13,0.5,182,4,1,1664,1295,3717,18,14,2,0,0,0,3
1187,1,2.4,0,10,0,3,0.3,127,3,12,1940,771,1667,8,11,17,0,0,1,1
1326,1,1.8,1,0,0,60,0.4,182,5,15,829,1943,3229,16,17,14,1,1,1,3
1226,0,1.8,1,0,0,29,0.1,111,5,15,1471,1707,3942,6,4,19,0,1,0,3
1093,1,1.2,1,12,1,11,0.6,128,5,5,86,1760,1374,7,10,11,0,1,0,0
1746,0,1.0,1,4,0,23,0.6,147,5,3,1272,1964,685,16,0,19,1,0,1,0
1489,0,1.2,0,19,0,18,0.6,187,8,2,1864,1480,3098,11,16,18,0,1,1,3
871,1,1.9,0,0,1,27,1.0,124,4,5,1463,621,3244,18,7,10,1,1,0,2
1434,1,0.6,0,19,0,4,0.9,111,4,3,1280,1940,1316,11,15,15,0,1,1,0
1494,0,2.8,1,2,0,8,0.2,83,8,17,1300,1898,1672,18,10,14,1,1,1,2
901,1,0.9,0,17,1,45,0.4,196,3,5,1813,1849,1852,16,10,15,0,0,1,1
1966,1,1.1,1,8,0,9,0.5,144,4,4,437,649,3618,7,14,12,0,1,1,2
1114,1,1.8,1,13,1,21,0.4,176,4,8,515,1206,2153,17,7,14,0,1,1,1
1796,0,2.3,0,16,0,13,0.8,150,1,10,1600,1494,2606,6,13,18,0,0,0,3
1682,0,0.7,1,13,0,36,0.6,152,7,5,946,652,2035,17,0,4,0,0,0,1
1675,1,1.3,0,3,0,18,0.6,144,1,15,1225,1540,2704,17,9,2,1,1,1,3
1494,1,2.9,1,4,1,29,0.9,159,7,18,1598,1050,3126,5,6,6,0,0,1,3
1119,1,1.2,0,16,1,42,0.8,97,2,10,1678,1344,2647,13,17,14,1,1,0,2
687,1,1.3,1,1,1,11,0.2,133,3,20,755,1871,3166,14,11,6,0,0,0,2
1621,1,2.6,0,4,0,23,0.7,126,7,14,1827,1982,773,7,1,6,0,0,0,1
630,0,0.6,0,3,0,39,0.5,85,1,8,796,1725,1656,13,17,13,0,1,1,0
1304,1,1.7,1,3,1,58,0.4,145,3,18,1203,1946,420,8,6,3,1,0,0,1
1694,0,1.4,1,5,1,34,0.1,88,3,18,685,779,3340,14,11,17,1,0,1,3
1435,1,1.3,0,19,0,23,0.5,147,5,8,324,921,2328,10,13,18,1,1,1,1
1485,0,1.2,1,12,0,45,0.4,188,6,3,1948,1492,1402,17,9,6,1,1,1,1
682,1,0.7,1,4,0,38,0.3,102,6,9,622,1988,384,11,8,13,1,0,1,0
1482,0,1.3,1,6,0,14,0.7,197,6,8,686,1303,3120,14,14,16,0,0,1,2
863,1,0.6,0,19,1,28,0.8,186,3,18,1498,854,1913,18,9,7,0,1,0,1
538,0,2.5,0,0,0,16,0.3,188,5,14,1688,877,3874,10,11,14,1,0,0,3
996,0,1.5,1,13,0,23,0.1,122,2,18,399,1647,1273,5,11,12,1,1,0,0
1872,0,1.6,1,3,0,31,0.9,130,2,1,867,579,850,10,8,18,0,0,0,0
1481,0,2.7,0,16,0,44,0.1,151,6,9,216,1487,1588,15,3,10,0,0,1,1
1420,0,2.1,1,13,0,41,0.9,182,2,18,808,732,2739,18,0,17,1,1,0,2
1920,0,0.5,0,15,0,38,0.7,104,5,16,960,653,437,10,15,18,1,1,0,0
1221,1,2.9,1,13,0,35,0.4,159,6,19,1476,1406,1867,9,0,19,0,0,0,2
1684,0,1.1,1,15,1,45,0.3,114,7,20,1000,1932,2919,7,12,14,1,0,0,3
515,1,0.8,1,19,1,61,0.1,96,7,1,1427,1554,999,14,2,12,0,0,0,0
992,1,2.4,0,7,1,35,0.3,97,5,18,931,870,2094,7,11,14,1,0,0,1
1949,1,1.8,0,2,0,59,0.2,106,8,16,239,822,2346,15,8,14,1,1,1,2
1631,1,1.6,0,18,1,49,0.7,94,2,17,1761,831,2707,14,3,13,0,0,1,3
1393,1,1.1,0,0,0,54,0.2,160,6,16,1209,742,2208,17,1,15,0,0,0,2
1973,0,1.9,1,1,0,36,0.6,186,7,1,47,929,860,11,8,14,1,1,1,0
810,0,1.2,1,14,0,43,0.6,148,5,18,1409,1705,2959,12,12,10,0,1,1,3
1238,0,2.8,0,9,0,20,0.4,159,4,0,1231,1308,2045,18,13,15,1,1,1,1
1693,1,1.0,1,17,1,9,0.1,94,7,10,1180,1996,1869,7,2,2,1,0,1,2
1045,0,2.7,1,13,0,40,0.1,121,4,9,1248,875,518,7,17,10,0,1,1,0
913,0,1.9,0,16,0,34,0.1,189,5,4,1167,580,2373,11,8,5,0,1,0,1
750,0,2.6,1,12,1,45,0.8,113,5,15,1442,919,916,14,14,13,0,0,1,0
1258,0,2.3,1,0,1,62,0.4,127,1,4,1134,966,1571,16,9,15,1,1,1,1
1664,0,2.2,0,4,1,29,0.8,162,7,11,1853,1951,3541,11,16,10,0,1,0,3
1797,1,1.3,1,12,0,38,0.5,87,1,3,874,1580,3175,15,12,4,0,0,1,3
1939,0,1.1,1,13,1,49,0.5,190,3,5,1897,1845,1077,13,0,7,0,1,1,2
1562,1,1.0,1,2,0,26,0.6,89,7,18,1488,1789,2450,18,10,4,1,0,0,3
1313,1,2.6,0,14,0,37,0.7,84,6,8,131,1750,2328,10,4,2,0,1,1,1
528,1,2.6,0,18,1,18,0.3,195,3,11,624,1328,1602,17,8,4,0,1,0,0
1457,1,1.6,1,16,1,25,0.2,127,3,14,1859,1303,2275,11,6,15,0,1,1,2
976,1,0.8,1,2,1,22,0.6,196,2,15,600,1577,3436,15,6,3,0,0,1,3
817,0,1.5,1,15,0,3,0.4,105,4,12,672,1477,2996,14,1,13,1,1,0,1
744,0,2.0,0,13,0,32,0.5,165,2,20,333,503,2554,5,17,11,1,1,1,1
1247,0,1.6,0,11,0,45,0.7,187,6,6,1943,1962,2785,11,9,14,1,1,0,3
1196,1,2.5,0,11,0,34,0.5,102,5,19,1098,1833,3018,6,4,5,1,1,1,3
771,0,3.0,1,10,0,31,0.7,141,1,3,1816,1102,1071,11,15,20,0,0,1,0
1963,0,1.0,1,16,0,13,0.6,92,6,10,1435,1612,937,7,4,2,1,1,1,1
1762,1,1.6,1,7,1,45,0.8,88,5,7,1542,819,2478,13,14,12,0,1,1,2
876,1,1.6,1,16,0,13,0.7,192,6,5,1648,1898,3674,17,15,17,1,1,0,3
765,1,1.3,1,19,1,52,0.6,99,5,9,35,1000,1449,9,3,20,0,1,1,0
1425,1,1.0,0,10,1,58,0.7,171,7,6,777,1757,257,11,13,20,0,0,1,0
1420,0,0.7,1,1,1,50,0.9,187,1,6,1648,1860,3973,12,16,13,0,0,0,3
1882,1,2.7,1,9,1,53,0.5,136,5,3,1827,1070,894,17,16,4,1,0,0,1
839,1,1.5,1,9,1,25,0.5,180,3,2,222,684,3885,16,15,19,1,1,0,2
888,0,1.7,0,10,0,25,0.8,103,6,6,1746,1961,3009,6,8,18,1,0,1,2
1076,0,2.8,1,5,0,59,0.6,187,1,3,529,1055,2665,15,1,6,0,0,0,2
502,1,2.4,0,3,0,61,0.2,112,5,12,240,1703,3623,5,10,17,1,0,0,3
1952,0,0.8,0,11,0,12,0.9,99,3,19,133,1599,2873,11,14,15,0,1,0,3
1665,1,1.9,0,10,1,14,0.1,139,3,16,1755,1392,845,10,2,20,1,1,0,1
875,1,1.6,0,12,1,28,0.8,127,7,6,390,1795,457,10,15,7,1,0,1,0
823,0,2.5,0,4,1,9,0.8,143,4,16,101,554,1260,6,5,4,1,1,1,0
645,0,2.3,1,5,0,11,1.0,109,3,3,1675,1362,1568,7,13,7,1,1,1,0
792,1,2.2,1,0,0,9,0.1,187,2,10,680,576,2281,8,4,13,1,1,0,0
931,1,1.4,0,5,0,21,0.6,152,1,2,497,795,3389,7,4,12,0,0,0,1
1204,1,2.5,0,17,0,9,0.5,188,1,10,510,1742,3829,6,5,8,1,1,0,3
1448,0,0.6,0,8,1,10,0.4,192,8,2,702,1800,2059,7,17,2,1,1,1,1
1084,1,0.9,1,14,1,8,0.2,96,1,11,993,1245,381,18,17,17,1,0,0,0
898,1,1.3,1,7,0,15,0.6,179,5,0,1560,1789,3295,10,1,17,0,1,0,2
1316,1,0.7,0,18,0,29,0.5,93,6,3,948,1399,2352,13,16,18,1,1,1,1
1867,1,1.1,1,15,1,3,0.2,98,5,13,1568,542,3927,8,0,16,1,0,1,3
1463,1,2.6,1,5,1,58,0.7,150,2,0,1366,1884,1101,10,8,10,0,0,1,1
1663,0,2.9,0,5,1,44,0.8,138,8,13,840,1751,2052,5,12,6,1,1,1,2
686,1,1.3,0,2,1,9,0.8,146,6,12,5,726,434,16,3,9,0,1,1,0
560,1,1.2,1,9,0,14,0.9,176,7,12,957,1586,1860,10,4,2,0,1,0,0
1438,1,1.2,1,0,1,22,0.5,123,3,14,193,670,2158,16,17,8,1,0,0,1
1903,1,1.2,1,13,1,48,1.0,111,8,16,741,1462,748,7,9,12,0,0,0,1
1209,0,0.6,0,3,1,29,0.9,190,5,11,1160,1261,3760,13,3,14,1,1,1,3
1306,0,2.8,0,11,1,36,0.4,90,6,13,1858,1349,2875,8,12,14,0,1,1,3
1963,0,1.0,0,5,0,24,0.2,185,3,11,911,806,2605,11,12,8,1,1,1,2
1842,1,1.6,1,10,0,47,0.5,81,6,17,472,1067,1219,8,16,12,0,1,1,1
1825,1,0.5,1,11,0,63,0.5,169,3,3,215,1491,3293,15,7,19,0,0,0,3
1867,0,2.6,0,9,0,16,0.6,147,6,13,1372,533,1448,10,3,2,0,1,0,1
510,0,2.3,1,17,0,3,0.6,96,5,18,875,1326,3280,18,2,13,1,0,0,2
1585,0,2.9,0,6,0,62,0.8,160,8,12,1206,629,2242,11,10,4,0,0,0,2
725,1,2.5,1,6,1,52,0.6,171,5,17,1191,1917,524,6,11,2,1,0,0,0
1676,1,1.3,0,10,1,13,0.2,173,2,10,1817,1674,1643,14,8,5,1,1,0,2
1063,0,1.1,1,3,1,58,0.9,119,7,5,37,1154,879,10,14,7,0,0,0,0
1271,0,2.2,1,19,1,53,0.4,166,7,8,1698,1129,2403,12,12,6,1,0,0,2
1833,0,1.4,0,0,0,37,1.0,125,4,11,470,1907,2518,17,4,12,1,1,1,3
1384,1,1.9,0,12,1,4,0.2,167,1,18,451,1540,2928,17,4,14,0,1,0,2
1766,1,0.5,0,17,0,6,1.0,172,5,13,1513,1093,2400,16,10,12,1,0,0,2
1889,1,0.7,0,8,1,4,0.2,83,5,14,1165,1537,1074,10,8,7,1,1,1,1
1853,0,1.8,0,8,1,58,0.3,117,3,10,1012,580,2933,6,2,20,0,0,1,3
1630,0,1.9,1,8,1,48,0.1,142,4,5,1783,1730,803,8,17,16,0,1,0,1
725,1,2.4,0,9,0,20,0.7,108,7,13,102,703,592,5,12,14,0,0,0,0
1324,0,0.8,0,1,1,3,0.9,98,5,2,1734,1902,614,11,11,11,0,0,1,0
717,1,1.8,0,5,0,45,0.5,170,6,18,1735,522,3617,12,8,2,1,1,1,3
1436,0,1.0,0,14,0,38,0.9,108,7,19,41,1113,1675,14,9,14,1,1,1,1
1252,0,0.7,0,2,1,55,0.6,199,4,10,946,1685,2180,6,12,7,1,1,0,2
1005,0,1.5,1,10,0,18,0.7,179,1,16,1170,643,1071,14,12,13,0,0,1,0
758,0,0.9,0,5,0,15,0.9,114,6,16,65,603,615,9,8,18,1,0,0,0
553,1,1.1,0,2,1,29,0.4,195,3,2,942,1905,3318,15,9,19,0,1,1,2
1570,0,1.3,0,10,1,28,0.4,149,2,13,192,1978,602,12,5,9,1,0,0,0
1226,1,1.1,1,14,1,55,0.9,102,6,6,1321,1940,1403,15,6,15,0,1,1,1
1188,1,0.7,1,12,1,11,0.9,182,8,18,1061,823,807,12,14,6,1,0,0,0
1622,1,0.7,0,19,1,4,1.0,125,7,2,501,1694,3980,9,13,3,1,0,1,3
1543,0,1.0,0,9,1,37,0.9,123,8,1,1676,1075,2841,12,15,12,0,1,1,2
918,1,0.6,1,5,0,39,0.2,127,1,16,1641,773,2957,18,13,4,1,1,0,2
1189,1,2.1,1,14,1,57,0.8,131,6,8,1451,951,2143,10,1,17,1,0,0,2
1349,1,1.2,1,17,1,64,0.5,87,4,5,663,1380,2186,9,8,17,1,0,0,2
561,0,1.2,0,17,0,26,1.0,134,4,20,351,624,677,17,2,10,1,0,1,0
1668,0,1.3,0,6,1,23,0.5,145,1,8,1949,1906,591,18,5,14,0,0,1,1
715,1,2.2,1,14,0,49,0.6,156,7,4,325,816,1782,15,4,11,1,1,1,0
502,0,2.7,0,17,1,40,0.6,119,4,1,1061,606,312,8,13,18,0,1,1,0
659,1,2.4,1,17,1,48,0.4,164,6,14,1120,1406,1941,9,14,18,0,1,1,1
1280,1,2.3,1,19,0,31,0.2,110,2,8,107,1986,3320,16,17,11,0,0,0,2
1643,0,1.7,1,8,1,22,0.9,195,6,18,630,929,3215,8,16,9,1,0,0,3
1392,1,2.2,0,1,0,31,0.8,127,2,9,150,1203,3020,5,8,8,0,0,1,2
1612,0,1.9,1,7,1,29,0.2,179,4,3,1097,1860,3403,7,8,15,0,0,1,3
828,0,1.0,1,19,1,32,0.8,140,6,9,1080,1471,3793,12,15,19,0,1,0,3
1079,1,1.0,0,1,0,58,0.7,191,4,7,877,861,2588,11,5,20,1,1,1,2
1880,0,1.2,1,10,1,53,0.5,131,7,12,334,1295,977,16,7,19,1,1,0,1
1790,0,2.8,0,6,1,27,0.3,117,2,6,1275,931,641,11,2,15,0,0,0,0
1451,1,1.9,1,5,0,44,0.9,170,7,6,1942,1174,1205,15,4,11,0,1,0,1
1846,1,2.3,0,9,1,23,0.7,115,4,3,803,1358,3073,7,6,2,1,1,0,2
1134,0,1.4,1,4,0,22,0.6,191,5,14,1848,1929,3586,13,0,10,0,1,0,3
1487,0,1.5,1,10,1,2,0.6,166,3,11,766,1513,1756,10,3,19,1,1,1,1
1718,1,0.8,1,0,0,38,0.2,134,6,15,1277,1900,1975,12,15,14,0,0,0,3
1420,0,0.9,1,1,1,14,0.5,164,5,5,1408,1675,3143,12,13,18,1,0,1,2
1237,0,2.6,1,0,0,22,0.3,92,7,8,1479,1845,2314,7,0,17,1,1,0,2
1855,0,2.0,0,18,0,47,0.3,116,8,2,258,1737,3275,8,3,12,1,1,1,3
669,0,1.3,0,1,1,10,0.7,126,4,7,781,1075,2975,18,9,10,0,1,0,1
1020,0,2.5,1,19,1,18,0.9,169,4,6,1488,1588,515,10,10,8,0,1,1,0
1986,0,1.1,1,3,0,48,0.5,183,3,3,33,1392,648,6,6,2,1,1,1,0
539,0,2.9,1,11,1,22,0.3,150,4,12,1518,769,855,16,3,10,1,0,0,0
1784,1,1.4,0,19,0,32,0.7,189,3,18,325,1623,3696,16,0,11,0,1,0,3
1918,1,1.3,0,17,1,40,0.9,182,6,6,836,1628,3511,15,0,17,1,1,0,3
1454,1,1.3,1,0,1,60,0.8,101,2,9,1261,1654,1295,16,16,19,0,1,1,2
1749,1,0.8,0,0,0,55,0.9,118,3,11,690,1912,1011,11,9,15,1,0,0,1
1483,1,0.8,1,13,0,23,0.6,166,3,2,1639,1844,3833,6,4,12,1,0,0,3
1647,0,2.1,1,3,1,13,0.8,137,5,11,1564,937,3413,15,6,5,0,0,1,3
1474,0,2.7,1,4,1,56,0.2,109,4,18,738,1542,3014,9,7,20,0,0,0,3
537,0,2.5,0,10,1,7,0.4,97,6,14,1489,724,3337,16,1,14,1,0,0,2
827,0,0.9,1,12,1,54,0.5,185,2,7,743,1489,732,8,8,2,0,1,1,0
1774,1,1.9,1,15,1,17,0.6,97,1,11,1327,959,1443,13,3,20,1,1,0,1
1699,0,0.8,1,12,0,27,0.9,189,7,19,1885,893,2327,17,11,16,0,0,1,3
1413,0,0.6,0,1,1,6,0.9,153,3,5,846,1749,1855,17,10,16,1,0,0,1
953,1,2.1,0,15,1,10,0.2,118,1,9,116,1411,2615,6,4,12,0,0,1,1
536,0,1.8,0,5,0,47,0.3,173,4,1,1230,1883,3565,11,11,6,0,1,1,2
1839,0,0.7,1,13,0,41,0.4,105,7,12,1935,1953,2765,17,3,11,1,0,0,3
1472,1,0.6,0,0,0,15,0.4,150,3,6,1720,514,3789,11,12,19,1,0,1,3
1295,0,3.0,1,16,1,45,0.7,86,8,7,1504,1059,1517,11,0,8,1,0,0,1
1472,0,0.6,0,10,0,64,0.9,148,8,15,649,1503,2325,5,17,2,1,1,1,3
1092,0,1.6,1,18,0,43,1.0,144,1,10,402,913,2483,12,3,4,1,0,1,1
1637,0,1.8,0,2,0,31,0.7,125,5,3,996,1878,2097,6,3,2,1,1,0,2
1563,0,0.8,1,10,0,53,0.9,97,1,16,1858,1980,1838,9,7,18,0,1,0,3
1824,1,0.9,0,4,1,53,0.6,92,7,15,1699,1498,3094,6,5,16,1,1,0,3
723,1,1.4,0,16,1,27,0.3,104,5,18,1923,1719,2015,17,3,6,1,1,1,2
817,1,2.4,0,6,1,54,0.6,183,7,10,1610,614,985,9,3,17,1,1,0,0
848,1,1.8,1,9,0,46,0.6,87,2,6,232,1940,3826,11,10,13,1,0,1,3
614,1,2.1,0,10,0,30,0.8,153,4,12,928,1875,1754,10,8,20,0,1,1,1
1197,1,3.0,0,2,0,20,0.3,111,8,18,1307,1475,1004,17,13,15,1,1,0,1
1846,0,2.4,0,19,0,48,0.4,96,6,16,479,1598,971,16,3,4,1,1,1,1
1563,1,1.6,0,9,0,9,0.4,181,1,12,1912,535,2642,9,12,20,0,0,0,2
539,1,1.6,1,9,0,24,1.0,158,3,11,1790,741,786,8,5,2,0,1,1,0
1812,0,2.0,0,13,1,54,0.5,158,7,6,975,562,947,12,12,2,1,1,0,1
1785,0,2.2,1,11,1,43,0.8,127,7,0,8,1165,2465,15,2,11,0,1,1,1
715,1,1.8,1,14,0,36,0.8,142,4,0,714,1008,3388,18,6,4,1,0,1,1
1670,0,2.1,1,9,1,32,0.3,119,1,19,1925,687,1364,12,0,14,0,1,0,2
835,1,0.6,1,9,0,54,0.6,194,3,13,378,1234,1826,5,10,7,0,1,1,1
1691,0,1.6,0,18,0,36,0.9,163,3,14,1840,592,745,14,1,12,0,1,1,1
591,1,1.2,1,0,1,33,0.5,94,7,10,1626,504,260,6,4,7,0,1,1,0
852,0,0.8,1,9,0,59,1.0,178,6,8,380,1961,331,7,13,4,0,1,1,0
1070,0,0.7,1,1,1,6,0.3,85,7,16,843,1689,1532,17,12,17,1,1,1,1
1315,1,2.0,1,16,0,17,0.2,173,6,3,1685,1969,2310,5,15,10,1,1,0,2
1280,1,1.8,0,6,0,18,0.9,142,7,19,359,524,2984,15,14,9,0,0,0,2
862,1,1.1,0,6,1,33,0.9,87,7,18,175,1007,3969,7,2,4,0,0,1,3
1056,1,1.7,1,19,0,39,1.0,174,3,6,484,597,728,14,5,6,0,0,0,0
1868,1,1.7,1,8,0,59,0.7,191,6,0,1428,1791,3465,16,8,15,1,1,0,3
1693,0,1.0,1,1,0,33,0.9,190,3,8,32,1161,1637,12,2,6,1,0,1,1
855,1,2.1,0,13,1,53,0.8,111,1,12,1488,1916,3115,8,12,20,1,1,0,3
690,1,2.5,0,16,0,21,0.9,124,7,1,695,1808,1093,17,12,6,0,0,1,0
921,0,2.5,0,0,0,49,0.6,131,2,1,156,1183,858,17,6,3,1,0,0,0
1199,0,2.0,0,8,0,57,0.4,158,6,14,564,1632,1442,11,4,8,0,1,1,1
506,1,1.8,0,19,1,3,0.9,161,5,16,1831,526,2621,11,7,2,0,1,1,1
632,0,0.7,1,18,1,21,0.5,92,8,12,201,554,1737,15,7,19,0,1,1,0
1056,0,1.2,0,3,1,48,0.6,103,5,6,1809,1656,3580,9,6,11,0,1,1,3
1325,1,0.7,0,7,1,19,0.5,119,5,8,1198,1575,3528,16,6,7,1,1,0,3
1260,0,2.9,1,12,1,2,0.6,93,2,11,1267,1280,3859,5,3,8,1,0,0,3
1554,0,0.8,0,3,0,59,0.5,171,3,2,1292,797,2020,14,9,13,0,1,1,2
1034,1,0.9,0,8,1,30,0.1,154,3,14,922,1922,1954,8,12,19,0,0,0,1
925,1,2.7,0,8,1,30,0.9,149,8,6,1469,1541,3492,11,3,12,0,0,1,3
1917,0,2.9,1,17,0,20,0.5,141,8,0,73,1317,487,18,9,20,0,1,1,0
1171,0,2.4,0,11,1,45,0.6,199,4,13,95,1354,583,9,6,5,0,0,0,0
862,1,0.5,1,9,0,41,0.2,168,8,18,1896,1058,2541,6,4,20,0,0,1,2
1960,0,0.5,1,10,1,7,0.1,140,5,15,172,1769,1399,18,2,14,1,1,1,1
581,0,1.4,0,6,0,45,0.3,80,5,9,1922,1002,1205,12,1,20,1,1,0,0
855,0,0.9,0,8,0,40,0.7,168,3,0,1429,1612,2142,6,10,3,1,0,1,1
1781,1,0.5,0,5,1,51,0.2,145,5,4,154,702,3198,15,9,10,0,0,1,2
1088,0,1.7,0,18,1,55,0.9,111,3,2,1206,1445,2922,12,12,9,1,0,0,2
794,0,2.9,1,15,0,47,0.3,92,7,16,1346,739,2553,17,6,15,1,1,0,2
1747,1,1.3,0,14,0,9,0.3,112,7,17,288,989,1615,15,9,10,1,1,1,1
1569,0,2.2,1,6,0,25,0.3,111,3,20,257,1536,1563,6,3,14,1,1,0,1
1636,0,2.1,1,15,0,21,0.1,135,6,18,1610,1148,453,15,15,19,1,0,0,1
1756,1,1.1,1,4,0,55,0.8,103,3,17,173,1838,671,9,5,7,0,1,0,1
516,1,2.1,1,15,0,15,0.9,170,1,15,329,1184,3035,8,8,4,0,1,0,1
859,1,1.0,1,0,0,6,0.7,83,1,1,1254,1721,1674,5,12,11,0,0,0,0
1746,1,0.8,0,18,1,42,0.3,167,1,14,758,742,1193,18,6,11,1,0,0,1
1365,0,2.3,1,4,0,41,0.4,102,1,12,1019,1006,3478,16,17,11,0,0,1,3
1199,0,0.8,1,6,1,35,0.5,108,2,12,160,1566,3592,12,13,10,1,1,1,3
947,1,3.0,0,18,1,61,1.0,177,4,15,185,1853,1499,14,4,13,0,1,0,1
1355,1,1.0,0,4,0,17,0.3,100,4,7,1926,1952,1495,16,12,9,1,1,0,1
864,0,2.0,1,16,0,46,0.8,109,3,10,142,1112,1594,7,7,10,1,1,0,0
1174,1,1.5,1,7,1,8,0.5,169,7,7,1305,661,1947,17,14,18,0,1,1,0
1507,0,0.8,0,0,0,17,0.4,99,5,9,906,1155,471,8,8,9,0,1,1,0
1849,1,0.6,1,1,0,8,0.5,95,1,0,639,1458,3662,8,5,19,1,1,1,3
966,0,2.1,0,14,1,28,0.2,146,4,11,1701,1120,3686,9,13,18,1,0,1,3
913,1,2.5,0,19,1,15,0.8,128,4,8,26,1958,1905,7,9,7,0,1,0,0
1978,1,2.6,1,17,1,15,0.3,180,1,4,1269,1756,1440,13,8,11,0,1,0,1
1085,0,1.7,0,10,0,45,0.8,137,7,8,1510,610,3118,8,16,2,1,0,0,2
1756,1,2.4,1,9,0,34,0.2,183,2,15,1670,1433,865,18,12,2,0,0,0,1
1747,0,2.2,1,3,1,34,1.0,123,2,17,1920,1755,2814,14,16,10,0,0,0,3
1493,0,2.3,1,4,0,45,0.3,104,8,7,201,1249,1173,15,12,4,0,0,1,0
1935,0,1.7,0,3,1,21,0.9,102,4,10,1044,1208,412,15,8,7,0,1,0,0
1071,0,2.1,1,12,0,54,0.8,187,8,19,1614,772,417,8,0,8,1,1,1,0
834,0,2.5,0,12,1,48,1.0,138,2,18,669,1306,297,10,0,10,1,0,0,0
1745,1,1.5,1,17,0,37,0.5,80,6,3,1117,540,3507,12,4,6,1,0,0,3
536,1,2.5,1,1,1,8,0.8,176,1,19,1031,1059,2606,17,7,17,0,1,1,1
1488,0,2.0,0,15,0,33,0.4,94,7,9,471,965,1609,11,17,3,1,0,1,1
777,1,0.9,1,0,0,49,0.3,160,4,12,1362,1600,1842,8,3,4,1,0,0,1
1719,0,0.6,1,18,1,4,0.5,177,1,19,258,989,3317,8,0,4,0,1,1,3
1415,1,1.4,0,8,0,40,0.2,160,2,13,54,616,3067,9,14,11,0,0,1,2
983,1,1.9,0,2,0,30,1.0,131,1,20,910,933,1708,14,3,4,1,1,1,1
1765,1,2.6,0,6,1,25,0.2,137,2,1,1571,1542,3677,9,8,16,1,0,0,3
1847,1,0.8,1,9,0,23,0.6,120,7,3,1029,1493,375,16,9,15,0,1,0,0
1230,0,2.5,0,0,0,7,0.7,123,2,6,1400,695,1354,5,14,5,0,0,0,0
691,0,2.7,0,9,0,49,0.6,83,1,18,553,1118,2293,17,2,11,0,1,1,1
1540,1,0.9,1,8,1,25,0.7,156,7,16,1073,1974,2977,12,1,12,0,1,1,3
1023,1,2.6,0,14,1,41,0.2,147,2,15,111,924,2964,14,4,12,0,0,0,2
1417,0,3.0,1,14,1,24,0.6,86,8,12,145,1917,378,17,0,9,1,0,0,0
900,1,2.3,1,2,1,55,0.4,125,6,17,229,1807,2956,9,10,10,1,0,1,2
1385,0,2.5,0,4,1,39,0.9,88,3,20,1746,533,3509,7,11,9,1,0,0,3
1204,0,3.0,1,8,0,11,0.8,166,1,11,496,794,3224,7,2,13,1,0,0,2
521,0,2.0,0,8,0,17,1.0,112,3,0,1329,1506,3317,8,15,18,0,1,1,1
973,1,1.3,0,6,1,12,0.1,112,1,14,1565,1774,1044,16,13,16,0,1,1,0
1643,0,2.6,0,11,0,33,0.4,163,2,2,460,838,512,11,11,20,1,1,0,0
709,1,2.0,0,8,0,46,0.3,83,2,5,806,1117,2116,9,15,7,0,1,1,1
805,0,2.0,1,5,0,62,0.1,144,7,13,1651,1963,3060,5,7,6,1,0,1,3
1793,1,1.1,1,1,0,7,0.3,197,4,5,1931,679,2901,18,16,9,1,1,0,2
1203,1,2.4,0,8,1,25,0.7,185,6,0,225,1121,3910,16,16,19,1,1,1,2
1186,1,0.7,0,16,1,34,0.3,113,8,19,58,1751,1548,17,6,16,1,1,1,1
784,0,2.8,1,0,0,54,0.6,170,4,5,1099,1118,3820,9,14,4,1,0,0,3
1215,0,1.3,0,18,0,52,0.9,164,3,7,427,1142,3507,18,8,15,1,0,1,3
1262,1,0.8,1,5,1,13,0.7,167,2,14,727,522,3094,9,3,16,0,1,1,2
1750,1,1.6,0,4,0,57,0.5,158,4,13,1155,1850,1428,10,7,14,0,0,0,2
1447,1,0.6,1,1,0,28,0.4,178,2,15,931,1677,3845,18,9,10,1,1,1,3
880,0,2.2,1,8,0,39,0.5,143,1,19,497,1118,1427,11,14,18,1,0,0,1
959,0,2.8,1,13,1,63,0.3,104,4,15,815,1669,935,9,17,20,1,0,0,1
1530,0,2.6,0,3,1,19,0.7,134,3,18,909,751,3336,17,13,5,0,0,1,3
528,0,0.8,0,3,0,64,0.4,88,7,0,1616,801,1457,15,4,11,0,1,0,0
1406,1,0.8,0,14,0,46,0.9,96,4,3,1328,1593,3099,18,8,4,0,0,0,3
1556,1,2.5,0,7,0,40,0.8,100,2,9,66,1616,3722,6,12,20,1,1,1,3
1378,0,2.8,0,3,0,56,0.6,139,5,19,229,662,3955,18,10,10,0,0,0,3
578,0,1.7,1,15,0,14,0.4,92,5,17,982,1604,863,6,11,6,1,1,0,0
1446,1,1.7,1,3,0,54,0.3,82,7,1,332,1586,586,17,2,15,0,1,1,0
958,0,1.3,1,15,1,41,0.8,147,7,3,1928,1111,2359,8,1,8,1,1,0,2
1069,0,2.7,1,11,1,31,0.5,83,6,14,276,1959,1486,5,14,7,1,1,0,1
1953,0,2.1,1,15,0,54,0.3,186,7,3,1896,1571,2408,11,4,9,1,1,1,3
1237,0,1.2,1,18,1,50,0.3,171,2,15,1607,944,802,17,6,3,0,1,1,1
1808,0,1.2,1,7,0,42,0.2,86,8,14,720,573,1048,5,3,15,0,0,0,1
1015,0,2.7,0,5,0,53,0.8,105,1,17,1807,1325,2160,7,4,8,0,1,0,2
1622,1,0.5,1,9,1,14,0.3,154,4,6,143,1041,1634,14,15,4,1,0,0,0
896,0,1.3,0,4,1,35,0.6,103,7,14,1274,656,1938,11,14,7,1,1,1,1
538,0,1.9,1,17,0,37,0.5,186,5,10,1819,1789,744,15,15,15,0,1,0,0
1794,1,0.9,1,9,0,31,0.6,89,1,18,690,755,2078,16,3,13,0,0,1,2
1386,1,0.7,0,9,1,62,0.9,180,8,7,1103,1562,3920,16,5,19,1,1,0,3
1296,1,2.5,1,6,1,26,0.9,92,2,0,56,1578,1782,10,17,13,1,0,0,0
656,0,2.7,0,17,0,3,0.5,123,1,2,1389,1551,3377,11,2,8,0,1,1,2
1598,1,2.6,1,0,0,37,0.1,185,2,4,307,1436,3414,9,4,6,1,0,0,3
1383,0,2.7,0,6,0,19,0.5,118,8,17,173,617,2606,12,1,13,0,0,1,1
1653,0,1.9,1,0,1,6,0.6,98,8,11,1485,869,3328,10,15,10,0,1,1,3
1473,0,2.5,0,14,0,20,0.6,130,6,11,749,708,3708,16,5,12,1,0,0,3
1607,1,1.5,0,3,1,43,0.7,98,4,20,1003,1086,905,8,14,5,0,0,0,1
1545,1,2.2,1,19,0,19,0.2,155,1,18,677,1348,903,18,17,15,0,1,1,1
1982,1,3.0,1,9,1,63,0.7,131,8,8,1619,815,1641,15,5,13,1,1,1,2
1348,1,1.1,0,8,1,58,0.3,165,4,10,1516,1916,636,5,12,19,0,1,1,1
1905,1,1.5,1,1,1,33,0.8,126,1,16,559,943,3993,6,12,8,0,0,0,3
1247,0,1.7,0,13,1,22,0.4,180,2,15,1662,1782,2465,16,0,2,1,0,0,2
1963,0,0.8,1,15,0,11,0.7,199,8,3,1704,1721,2322,10,15,14,1,0,0,2
1488,0,0.7,0,0,1,38,0.1,109,2,9,1889,1127,3277,8,3,17,0,1,0,3
520,0,2.6,1,1,1,50,0.5,125,1,14,1397,944,2119,7,16,6,0,1,1,1
802,1,2.9,0,6,1,23,0.7,155,6,18,348,1069,2546,11,17,20,1,0,1,1
1368,1,1.5,1,9,0,14,0.3,172,2,2,1090,1081,384,11,15,10,1,1,1,0
583,0,0.7,0,19,0,56,0.8,100,3,20,329,1104,1455,6,0,10,0,1,0,1
1976,1,0.7,0,0,0,18,0.7,154,3,4,1875,1240,664,12,5,13,0,1,0,1
1910,1,2.7,1,12,0,10,0.6,180,4,10,193,1407,1047,15,10,19,0,1,0,0
1780,0,1.7,1,0,0,25,0.4,127,7,4,1178,1148,3246,5,5,11,0,1,1,3
1069,0,1.3,0,4,0,45,0.5,141,3,6,1183,804,1363,15,16,18,1,0,1,0
1433,1,1.7,0,15,1,15,0.6,137,3,5,1719,838,3703,14,3,20,1,0,1,3
1685,1,1.3,0,14,1,47,0.5,97,6,12,265,1028,477,11,13,12,1,1,1,0
1686,0,1.7,0,16,1,9,0.7,187,6,1,167,553,3652,14,13,17,1,1,0,2
1508,0,2.6,1,15,0,56,0.5,138,7,18,144,1635,3778,16,7,9,0,0,0,3
1292,0,2.0,0,12,1,38,0.3,170,5,10,185,1183,1695,5,1,16,1,0,0,1
1291,1,2.2,0,10,1,20,0.3,180,7,19,885,918,3984,17,4,12,0,0,1,3
1794,0,1.4,0,16,0,64,0.1,127,5,4,864,804,2748,16,3,8,0,0,1,2
991,0,2.3,1,16,1,29,0.4,142,6,8,773,1961,873,18,9,3,1,0,1,0
707,1,2.2,0,1,0,47,0.8,91,5,5,1446,584,1604,7,2,20,1,1,1,0
1583,1,0.8,1,12,1,42,0.8,166,6,16,1006,751,2826,7,15,10,0,0,0,3
929,1,1.9,1,13,0,31,0.3,113,5,18,785,625,2469,14,9,19,1,0,0,1
1484,1,1.1,1,10,0,8,1.0,140,2,7,456,1109,3011,18,14,14,0,0,1,2
1832,1,2.5,1,9,0,60,0.6,181,6,6,1863,1928,3046,6,3,2,0,0,0,3
1019,0,1.6,1,2,1,59,0.9,166,7,4,344,803,3986,18,0,20,1,1,1,3
1090,0,3.0,1,16,1,27,0.7,132,4,14,734,1551,3565,14,14,14,0,1,1,3
1550,1,0.7,1,14,0,41,0.8,104,4,9,553,1347,3312,17,9,15,1,0,1,3
698,1,2.5,0,8,0,47,0.2,141,6,15,1020,1789,3216,9,17,18,1,0,1,3
886,1,2.2,0,9,1,55,0.3,83,3,8,1539,1575,1292,8,15,2,1,1,1,1
848,1,2.4,1,7,1,61,0.1,173,8,6,787,1154,3584,17,8,6,0,0,0,3
1459,1,1.3,0,12,0,47,0.7,173,4,10,1819,1143,3841,10,16,15,1,0,0,3
1192,0,1.7,0,17,1,12,0.4,92,7,8,935,1357,3537,6,9,19,0,1,0,2
877,0,2.5,1,4,1,15,0.8,121,3,16,704,1010,3811,18,7,14,1,1,0,2
1398,0,1.1,0,5,1,22,0.4,128,4,8,1127,706,2668,8,4,13,0,0,0,2
1415,0,1.1,1,16,0,64,0.8,157,8,2,246,1073,480,16,1,16,0,0,0,0
1026,1,1.9,0,10,0,9,0.2,135,1,7,811,1374,3299,11,14,5,0,1,1,2
1676,0,1.8,1,19,1,4,0.3,126,1,18,1046,1010,2497,5,16,10,0,1,1,2
1233,1,1.2,1,15,0,29,0.4,87,6,19,952,700,3523,17,9,4,0,1,0,3
705,1,1.2,0,8,1,62,0.5,134,8,15,814,1322,3727,15,1,12,1,0,1,3
954,1,1.2,0,1,1,30,0.4,167,7,6,1548,1807,312,7,8,16,0,0,1,0
1796,0,2.4,1,4,0,24,0.8,97,7,6,143,1880,3952,5,1,17,1,0,1,3
1759,1,2.1,1,0,0,19,0.2,114,4,19,729,1570,2516,6,17,8,1,1,0,3
1020,0,2.6,1,3,0,36,0.4,168,2,12,1718,1519,3606,13,11,8,1,0,0,3
1516,0,2.9,0,3,1,64,0.9,160,3,2,862,636,1659,14,14,10,1,1,0,1
1455,1,1.7,0,2,1,14,0.2,111,8,11,1777,629,372,9,5,18,0,0,1,0
1225,1,0.7,0,8,0,13,0.9,199,4,7,1216,1718,3778,17,17,14,1,1,0,3
1513,1,0.6,0,11,0,48,1.0,103,6,12,464,1517,2902,8,12,10,1,0,0,3
1000,0,1.2,1,9,0,51,0.2,86,8,19,1807,1887,665,16,3,10,1,1,0,1
616,1,2.8,1,1,1,6,0.4,92,3,15,374,931,2172,8,11,13,1,1,1,0
885,0,1.8,1,10,1,40,0.4,170,5,6,676,1592,3694,12,8,20,1,1,0,3
1867,1,1.2,1,9,1,12,0.8,191,6,3,691,1981,3115,16,1,16,1,1,0,3
1083,1,1.5,0,5,0,59,0.6,148,4,11,628,1039,3232,7,15,19,0,0,0,3
894,0,2.0,1,17,0,60,0.7,179,2,16,1289,834,3440,16,0,9,0,1,1,3
1587,0,2.1,1,1,1,12,0.8,169,8,0,1401,1025,2239,16,3,7,0,0,0,1
1220,0,0.9,0,1,0,60,0.2,121,5,16,1573,1057,3491,8,14,7,1,0,0,3
571,0,2.9,0,9,0,48,0.8,188,6,1,555,1408,2307,6,0,4,1,1,1,1
773,0,1.9,1,15,0,43,0.7,110,4,5,862,1539,3957,10,14,4,1,1,0,3
1843,0,0.8,0,11,0,48,0.6,153,1,11,73,1979,278,16,2,3,0,0,0,0
837,1,2.7,1,0,1,32,0.9,189,7,10,437,1009,3224,13,12,6,1,0,0,2
1889,1,0.7,0,7,0,32,0.7,105,4,20,880,708,1000,16,17,13,1,0,0,1
1106,0,2.8,0,15,1,14,0.3,165,1,10,225,1681,857,8,12,7,0,0,1,0
665,1,3.0,1,17,1,15,0.5,155,1,17,1842,1860,3291,15,9,17,1,0,1,3
510,0,2.3,0,12,0,50,0.5,111,6,7,307,1764,3419,10,6,6,0,0,1,2
1824,1,2.4,1,14,1,46,0.1,170,4,6,965,557,2772,8,7,7,1,0,0,2
1228,1,1.3,0,11,1,43,1.0,176,7,13,347,1315,1225,18,0,5,1,1,0,0
1300,0,2.9,0,7,0,26,0.2,196,4,15,475,1828,1434,6,17,15,1,0,0,1
601,0,1.8,0,9,1,34,0.7,131,1,11,1338,1868,2098,17,11,4,0,0,0,1
1948,0,2.3,0,13,1,34,0.6,99,3,8,524,1537,2930,18,17,18,1,1,1,3
1915,1,2.8,0,4,1,63,0.1,182,5,19,1448,1882,2510,10,11,6,0,0,0,3
1278,0,2.9,1,17,1,16,0.9,184,2,20,523,876,3317,16,8,7,1,0,1,2
713,1,2.6,0,18,1,17,0.9,119,4,15,561,742,336,11,1,5,0,1,0,0
1611,0,1.3,1,14,1,45,0.6,138,5,20,1848,1492,2918,8,13,14,1,0,0,3
900,1,2.9,0,5,1,59,0.3,156,5,18,1272,1668,738,16,3,9,0,0,1,1
1087,1,2.1,1,10,1,57,0.2,93,8,15,1654,1390,2895,15,14,12,0,1,0,3
1388,0,2.8,0,10,0,39,0.4,123,3,8,568,914,1686,11,16,20,1,1,0,1
1569,1,2.2,1,19,0,7,0.3,183,5,12,1205,893,3430,17,5,6,0,0,0,3
1986,1,1.3,1,19,0,45,0.6,196,4,4,1799,1228,3567,15,8,6,0,1,0,3
1091,0,1.4,0,17,1,26,1.0,165,6,18,105,857,3592,12,16,4,0,1,1,2
1833,1,1.9,0,17,1,16,0.6,161,6,9,190,1681,288,15,14,3,1,0,0,0
1609,0,2.5,0,9,1,5,0.9,127,8,6,1160,1173,2338,7,4,4,0,1,1,1
591,0,1.3,1,1,0,57,0.7,172,5,8,699,517,1528,6,17,16,1,1,1,0
1172,0,1.9,1,8,0,5,0.5,122,4,13,1143,1227,3303,9,3,8,0,0,0,2
1213,0,1.4,0,13,0,31,0.9,95,4,14,1777,1060,3377,6,1,4,0,0,0,3
1435,1,2.5,0,18,1,35,0.5,189,1,12,830,1870,535,14,4,16,0,1,1,0
741,1,1.7,1,9,0,28,0.9,114,3,9,71,1581,2263,9,3,12,0,1,1,1
501,1,0.7,1,3,0,32,0.4,132,7,13,754,654,2455,14,4,17,1,0,0,1
724,0,0.9,0,5,1,57,0.2,113,2,20,1154,986,1938,17,12,14,1,0,0,2
1300,1,0.7,1,13,0,33,0.9,82,7,11,456,650,1830,10,15,3,0,1,1,1
1088,1,1.7,0,3,1,45,0.6,147,8,18,1804,1882,956,12,11,13,1,0,0,1
615,0,0.8,0,14,0,40,0.9,197,1,5,904,867,3864,10,8,8,1,0,0,2
1417,0,0.8,0,15,1,53,0.9,84,2,11,478,1570,2035,8,15,2,0,1,1,2
1626,1,2.9,1,6,1,10,0.1,89,7,12,51,706,3038,7,13,15,0,1,0,2
693,0,2.7,1,16,1,64,0.6,131,4,7,1003,949,1274,18,0,11,0,0,1,0
1689,0,1.6,1,18,1,42,0.4,108,6,15,573,1423,1509,18,3,4,0,0,0,2
1370,0,3.0,1,18,1,9,0.7,175,1,1,1142,1196,920,6,8,12,0,1,1,0
589,0,0.5,0,16,0,15,0.8,110,7,6,1900,1069,3226,17,13,16,0,0,1,2
621,1,2.0,1,5,1,34,0.4,145,8,11,1287,642,1567,5,11,7,1,1,1,0
642,0,2.0,0,10,1,24,0.6,155,5,6,1262,1923,1674,6,3,19,0,0,1,0
1493,0,1.6,0,15,1,22,0.7,170,8,18,1374,1620,2756,6,6,14,0,0,1,3
605,0,1.5,0,7,1,56,0.2,148,8,13,892,1570,2923,9,16,16,0,0,0,2
1386,0,1.6,1,10,0,13,0.8,116,8,8,254,690,1312,13,0,4,1,1,0,0
927,0,1.5,0,6,1,58,0.6,106,5,17,684,639,2194,5,13,16,0,1,1,1
1828,0,2.3,0,18,0,3,1.0,166,2,10,1332,1114,1642,8,14,2,1,0,1,1
816,0,0.8,1,9,1,14,0.4,112,4,15,1772,1754,1390,14,11,11,1,0,1,1
1134,0,1.0,0,8,1,63,0.2,147,6,18,1854,1863,1400,11,11,19,1,1,1,2
508,1,1.0,1,3,0,60,0.6,138,2,10,1630,1424,2319,15,5,9,0,1,1,2
1273,0,1.2,1,14,0,5,0.2,143,7,17,1872,1572,994,18,12,13,1,0,0,1
1596,1,1.8,1,12,0,21,1.0,164,7,10,1518,1123,1802,14,15,6,0,1,1,1
1882,0,0.8,0,1,1,51,0.1,167,6,3,56,1976,3018,7,13,2,0,1,0,3
722,0,2.7,1,1,0,52,0.8,123,7,17,949,1839,3017,12,6,9,0,0,1,3
1939,0,1.2,1,15,1,49,0.6,174,3,18,1426,1845,2401,7,15,6,0,0,1,3
1052,0,0.9,1,8,0,60,0.4,187,6,12,1090,586,2419,12,8,18,1,1,0,2
1893,1,2.2,1,12,0,15,0.2,191,5,3,1069,1997,3268,17,13,16,0,1,1,3
1215,0,0.6,0,2,1,31,0.7,167,7,9,605,781,1750,6,6,5,1,0,1,0
1787,0,2.0,1,8,0,30,0.6,128,7,4,1673,1263,1718,9,11,14,1,1,0,2
1841,1,2.2,0,12,0,9,0.4,132,1,2,368,1597,3608,8,2,18,0,0,0,3
1607,1,1.0,1,1,1,13,0.9,153,1,15,1628,952,604,15,13,14,0,0,1,0
1841,0,0.6,0,7,1,42,0.4,128,1,7,231,546,487,13,10,3,1,1,0,0
610,1,1.4,1,8,1,39,0.5,192,6,6,1425,1619,2252,7,4,5,1,0,1,1
750,1,0.7,0,15,0,27,0.6,193,5,18,907,1437,3438,16,12,3,0,0,0,3
882,1,0.8,1,1,0,51,0.2,145,6,13,1584,530,3679,15,9,13,0,0,1,3
506,0,1.1,0,5,0,3,0.9,174,8,14,1046,1033,3339,9,6,20,0,0,0,2
958,0,1.2,0,7,0,56,0.4,142,4,16,573,516,3287,14,16,19,1,0,1,2
1607,0,1.8,0,4,0,41,0.2,104,5,20,1290,1735,3815,13,15,11,0,1,0,3
707,1,2.2,1,8,1,57,0.4,83,5,0,840,1758,1812,17,7,6,0,0,0,1
1399,0,2.0,0,0,0,15,0.6,130,8,5,117,891,2942,10,16,12,0,0,1,1
1913,1,0.9,0,8,1,7,0.6,90,6,14,1623,1506,2588,6,12,2,0,0,1,3
1837,0,0.9,0,9,0,43,0.7,96,6,11,1624,853,2226,5,10,4,1,1,1,2
521,0,2.7,0,3,1,41,0.1,187,1,20,1078,804,1912,16,17,18,1,0,0,1
909,1,1.9,1,2,0,63,0.4,145,5,19,1176,1008,2939,15,4,16,0,0,1,3
1394,0,2.7,0,9,0,32,0.8,149,1,1,1262,1211,2198,5,5,15,1,0,1,1
1014,1,1.4,0,14,1,18,0.2,152,4,4,1288,1918,800,11,13,16,0,0,0,0
1650,1,2.0,0,10,0,26,0.9,148,3,8,267,1954,647,18,11,17,1,1,0,0
1308,0,1.8,1,13,1,62,0.2,163,1,19,1930,1184,1449,16,3,5,1,1,1,2
1373,1,1.3,0,5,0,33,0.9,108,6,13,112,1285,2380,6,6,20,0,0,1,2
513,0,1.7,0,11,0,13,0.4,164,7,17,165,1356,2244,11,10,9,0,1,0,0
1470,0,1.8,0,12,1,50,0.7,152,2,7,667,676,552,5,1,7,0,1,0,0
1477,1,1.0,0,16,0,14,0.2,171,3,1,1031,1929,2633,8,3,17,0,1,1,2
1513,0,1.3,1,15,1,20,0.2,198,4,8,713,800,1342,14,6,4,1,0,0,0
1535,1,2.5,0,2,0,45,0.3,151,7,6,1240,944,525,17,0,9,0,0,0,0
586,0,2.8,0,1,0,49,0.2,174,6,17,430,1650,2519,15,14,6,0,0,1,2
1408,0,1.4,1,10,0,26,0.4,99,3,15,1315,1872,3517,8,7,6,0,0,1,3
1824,0,1.3,1,8,0,32,0.6,106,8,20,892,520,1354,9,4,13,0,0,1,1
1766,0,1.0,1,2,0,60,0.6,87,6,4,1073,1515,1965,18,13,2,0,0,0,2
621,0,2.2,0,17,0,38,0.8,197,1,14,106,1210,765,18,17,8,0,1,1,0
1670,1,1.3,1,19,0,26,0.7,164,7,4,1032,1200,2882,14,2,12,1,1,0,2
1249,1,3.0,0,14,1,17,0.6,140,6,10,744,1943,1372,5,1,11,0,1,0,1
1879,1,1.3,1,13,0,58,0.5,107,7,13,699,651,1332,11,15,4,1,1,0,1
1184,1,1.5,0,1,0,39,0.5,166,4,18,1479,1683,751,15,13,9,0,1,0,1
808,1,2.0,1,16,0,44,0.5,149,2,2,322,1358,3251,6,15,2,1,0,1,2
1194,1,2.5,0,7,1,50,0.9,82,1,9,308,1966,349,16,10,9,1,0,0,0
787,0,1.7,1,9,1,59,0.3,148,1,5,849,595,880,15,16,12,1,1,1,0
806,0,1.6,0,17,0,24,0.1,152,7,2,621,1875,484,17,2,8,0,0,0,0
1413,1,3.0,0,18,0,15,0.7,86,4,1,994,1598,2553,15,4,17,1,0,0,1
1161,1,0.5,0,7,0,7,0.3,139,4,12,144,1377,1670,17,2,8,0,0,1,0
1048,0,2.7,0,7,1,26,0.9,83,3,17,739,1139,976,6,14,14,1,0,1,0
1875,0,0.9,0,2,0,24,0.9,182,2,1,820,1882,1235,12,4,11,0,0,1,1
811,0,2.5,0,2,1,63,0.2,84,6,14,411,1656,2485,13,2,18,0,1,1,2
1372,1,2.0,0,11,0,61,0.2,90,3,4,113,899,522,10,5,4,1,1,1,0
1582,1,1.4,0,16,1,44,0.5,94,6,14,574,1662,1259,15,13,8,0,1,1,1
1423,1,2.7,1,3,1,13,0.6,143,6,20,398,745,536,5,1,12,1,0,0,0
1254,0,0.5,0,16,0,14,0.3,177,6,16,1298,1814,1217,5,17,14,1,0,1,1
534,0,1.1,0,13,0,37,0.7,92,3,1,123,611,2970,18,5,6,0,0,0,0
944,1,1.9,1,18,0,40,0.6,197,1,17,85,1693,1362,15,4,20,1,0,0,1
592,1,1.4,0,8,0,35,0.4,191,4,14,1605,1763,1465,11,13,16,0,1,1,1
1730,0,2.0,1,11,0,7,0.1,86,1,19,46,1860,3978,12,16,2,1,0,0,3
852,0,0.6,0,4,0,64,0.8,183,2,2,1734,1661,3894,7,10,6,0,1,0,3
1402,0,0.8,1,10,0,39,0.3,85,3,4,1899,1759,2834,13,0,14,0,1,1,3
1855,0,0.8,1,19,1,51,0.9,135,8,10,943,1293,1627,8,9,11,0,1,1,2
1361,1,1.0,0,2,0,63,0.5,143,2,8,1224,1526,678,8,8,6,1,1,0,1
658,0,1.6,1,14,0,53,0.6,182,4,4,1299,615,3284,7,11,2,0,0,1,2
1456,0,2.4,0,13,1,41,0.9,129,4,0,1572,1995,2261,12,0,11,0,0,1,2
523,0,2.8,0,10,0,9,0.9,109,5,13,1738,1654,709,13,17,19,0,1,0,0
903,1,2.6,0,19,0,62,0.4,101,2,4,1153,1433,2570,5,11,9,0,0,1,2
1304,1,1.0,0,7,0,9,0.3,104,8,7,1471,1924,762,6,1,4,0,0,1,0
1015,0,1.6,1,3,0,41,0.8,107,1,20,803,1724,1421,5,0,20,0,0,1,1
1231,0,1.0,0,11,1,34,0.5,197,7,13,388,791,571,18,0,20,0,1,0,0
1887,0,1.2,1,7,1,35,0.3,163,8,15,575,841,1955,8,0,3,0,1,0,2
1905,1,1.8,1,5,0,45,0.9,118,2,5,1286,1514,1019,14,11,18,0,1,1,1
1031,1,0.7,0,14,0,16,0.3,146,3,7,631,1739,1511,11,6,17,1,1,1,0
1455,1,1.0,0,11,1,37,0.1,84,4,1,1301,1084,3624,18,3,11,0,1,1,3
651,0,2.8,0,15,0,61,0.1,144,4,18,713,1889,1153,11,3,17,0,1,0,1
1446,1,1.7,0,15,1,58,0.7,94,2,8,1069,1992,1208,16,14,6,0,1,0,1
1107,0,1.6,1,19,1,36,0.7,169,8,4,1191,1941,3178,10,0,4,1,0,1,3
919,0,0.5,0,19,1,47,0.4,146,2,4,1468,526,1851,17,5,4,0,1,1,1
